/*
SQLyog Ultimate v12.4.3 (64 bit)
MySQL - 10.4.27-MariaDB : Database - db_sipenata
*********************************************************************
*/

/*!40101 SET NAMES utf8 */;

/*!40101 SET SQL_MODE=''*/;

/*!40014 SET @OLD_UNIQUE_CHECKS=@@UNIQUE_CHECKS, UNIQUE_CHECKS=0 */;
/*!40014 SET @OLD_FOREIGN_KEY_CHECKS=@@FOREIGN_KEY_CHECKS, FOREIGN_KEY_CHECKS=0 */;
/*!40101 SET @OLD_SQL_MODE=@@SQL_MODE, SQL_MODE='NO_AUTO_VALUE_ON_ZERO' */;
/*!40111 SET @OLD_SQL_NOTES=@@SQL_NOTES, SQL_NOTES=0 */;
CREATE DATABASE /*!32312 IF NOT EXISTS*/`db_sipenata` /*!40100 DEFAULT CHARACTER SET utf8mb4 COLLATE utf8mb4_general_ci */;

USE `db_sipenata`;

/*Table structure for table `tb_admin` */

DROP TABLE IF EXISTS `tb_admin`;

CREATE TABLE `tb_admin` (
  `id` int(11) NOT NULL AUTO_INCREMENT,
  `id_user` bigint(20) DEFAULT NULL,
  `nama` varchar(255) DEFAULT NULL,
  `no_telp` varchar(13) DEFAULT NULL,
  `created_at` timestamp NOT NULL DEFAULT current_timestamp() ON UPDATE current_timestamp(),
  `updated_at` timestamp NULL DEFAULT NULL,
  `deleted_at` timestamp NULL DEFAULT NULL,
  PRIMARY KEY (`id`),
  KEY `id_user` (`id_user`),
  CONSTRAINT `tb_admin_ibfk_1` FOREIGN KEY (`id_user`) REFERENCES `tb_user` (`id`)
) ENGINE=InnoDB AUTO_INCREMENT=7 DEFAULT CHARSET=latin1 COLLATE=latin1_swedish_ci;

/*Data for the table `tb_admin` */

insert  into `tb_admin`(`id`,`id_user`,`nama`,`no_telp`,`created_at`,`updated_at`,`deleted_at`) values 
(1,44,'admin','081231231231','2023-03-02 01:20:34','2023-03-01 17:20:34',NULL);

/*Table structure for table `tb_detail_pengajuan` */

DROP TABLE IF EXISTS `tb_detail_pengajuan`;

CREATE TABLE `tb_detail_pengajuan` (
  `id` bigint(11) NOT NULL AUTO_INCREMENT,
  `id_pengajuan_menara` int(11) DEFAULT NULL,
  `file` enum('SuratKuasa','RancangBangun','DenahBangunan','GambarLokasiDanSituasi','KTPPemohon','NPWPPemohon','FotoPemohon','SuratTanah') DEFAULT NULL,
  `patch` varchar(255) DEFAULT NULL,
  `status` enum('disetujui','perbaiki','tunggu persetujuan') DEFAULT NULL,
  `tanggal` date DEFAULT NULL,
  `created_at` timestamp NOT NULL DEFAULT current_timestamp() ON UPDATE current_timestamp(),
  `updated_at` timestamp NULL DEFAULT NULL,
  `deleted_at` timestamp NULL DEFAULT NULL,
  PRIMARY KEY (`id`),
  KEY `id_pengajuan_menara` (`id_pengajuan_menara`),
  CONSTRAINT `tb_detail_pengajuan_ibfk_1` FOREIGN KEY (`id_pengajuan_menara`) REFERENCES `tb_pengajuan_menara` (`id`)
) ENGINE=InnoDB AUTO_INCREMENT=281 DEFAULT CHARSET=utf8mb4 COLLATE=utf8mb4_general_ci;

/*Data for the table `tb_detail_pengajuan` */

insert  into `tb_detail_pengajuan`(`id`,`id_pengajuan_menara`,`file`,`patch`,`status`,`tanggal`,`created_at`,`updated_at`,`deleted_at`) values 
(1,8,'KTPPemohon','/storage/Pengajuan/8/KTPPemohon.jpg','disetujui','2023-01-08','2023-01-08 17:44:41','2023-01-08 09:44:41',NULL),
(2,8,'NPWPPemohon','/storage/Pengajuan/8/NPWPPemohon.jpeg','disetujui','2023-01-08','2023-01-08 17:44:41','2023-01-08 09:44:41',NULL),
(3,8,'FotoPemohon','/storage/Pengajuan/8/FotoPemohon.jpg','disetujui','2023-01-08','2023-01-08 17:44:41','2023-01-08 09:44:41',NULL),
(4,8,'SuratKuasa','/storage/Pengajuan/8/SuratKuasa.pdf','disetujui','2023-01-08','2023-01-08 17:44:41','2023-01-08 09:44:41',NULL),
(5,8,'RancangBangun','/storage/Pengajuan/8/RancangBangun.pdf','disetujui','2023-01-08','2023-01-08 17:44:41','2023-01-08 09:44:41',NULL),
(6,8,'DenahBangunan','/storage/Pengajuan/8/DenahBangunan.pdf','disetujui','2023-01-08','2023-01-08 17:44:41','2023-01-08 09:44:41',NULL),
(7,8,'GambarLokasiDanSituasi','/storage/Pengajuan/8/LokasiDanSituasi.pdf','disetujui','2023-01-08','2023-01-08 17:44:41','2023-01-08 09:44:41',NULL),
(8,8,'SuratTanah','/storage/Pengajuan/8/SuratTanah.pdf','disetujui','2023-01-08','2023-01-08 17:44:41','2023-01-08 09:44:41',NULL),
(25,11,'KTPPemohon','/storage/Pengajuan/11/KTPPemohon.jpg','disetujui','2023-01-30','2023-01-31 02:15:31','2023-01-30 18:15:31',NULL),
(26,11,'NPWPPemohon','/storage/Pengajuan/11/NPWPPemohon.jpeg','disetujui','2023-01-30','2023-01-31 02:15:31','2023-01-30 18:15:31',NULL),
(27,11,'FotoPemohon','/storage/Pengajuan/11/FotoPemohon.jpg','disetujui','2023-01-30','2023-01-31 02:15:31','2023-01-30 18:15:31',NULL),
(28,11,'SuratKuasa','/storage/Pengajuan/11/SuratKuasa.pdf','disetujui','2023-01-30','2023-01-31 02:15:31','2023-01-30 18:15:31',NULL),
(29,11,'RancangBangun','/storage/Pengajuan/11/RancangBangun.pdf','disetujui','2023-01-30','2023-01-31 02:15:31','2023-01-30 18:15:31',NULL),
(30,11,'DenahBangunan','/storage/Pengajuan/11/DenahBangunan.pdf','disetujui','2023-01-30','2023-01-31 02:15:31','2023-01-30 18:15:31',NULL),
(31,11,'GambarLokasiDanSituasi','/storage/Pengajuan/11/LokasiDanSituasi.pdf','disetujui','2023-01-30','2023-01-31 02:15:31','2023-01-30 18:15:31',NULL),
(32,11,'SuratTanah','/storage/Pengajuan/11/SuratTanah.pdf','disetujui','2023-01-30','2023-01-31 02:15:31','2023-01-30 18:15:31',NULL),
(33,12,'KTPPemohon','/storage/Pengajuan/12/KTPPemohon.jpg','disetujui','2023-02-02','2023-02-02 17:56:42','2023-02-02 09:56:42',NULL),
(34,12,'NPWPPemohon','/storage/Pengajuan/12/NPWPPemohon.jpeg','disetujui','2023-02-02','2023-02-02 17:56:42','2023-02-02 09:56:42',NULL),
(35,12,'FotoPemohon','/storage/Pengajuan/12/FotoPemohon.jpg','disetujui','2023-02-02','2023-02-02 17:56:42','2023-02-02 09:56:42',NULL),
(36,12,'SuratKuasa','/storage/Pengajuan/12/SuratKuasa.pdf','disetujui','2023-02-02','2023-02-02 17:56:42','2023-02-02 09:56:42',NULL),
(37,12,'RancangBangun','/storage/Pengajuan/12/RancangBangun.pdf','disetujui','2023-02-02','2023-02-02 17:56:42','2023-02-02 09:56:42',NULL),
(38,12,'DenahBangunan','/storage/Pengajuan/12/DenahBangunan.pdf','disetujui','2023-02-02','2023-02-02 17:56:42','2023-02-02 09:56:42',NULL),
(39,12,'GambarLokasiDanSituasi','/storage/Pengajuan/12/LokasiDanSituasi.pdf','disetujui','2023-02-02','2023-02-02 17:56:42','2023-02-02 09:56:42',NULL),
(40,12,'SuratTanah','/storage/Pengajuan/12/SuratTanah.pdf','disetujui','2023-02-02','2023-02-02 17:56:42','2023-02-02 09:56:42',NULL),
(41,13,'KTPPemohon','/storage/Pengajuan/13/KTPPemohon.jpg','disetujui','2023-02-03','2023-02-04 03:46:14','2023-02-03 19:46:14',NULL),
(42,13,'NPWPPemohon','/storage/Pengajuan/13/NPWPPemohon.jpeg','disetujui','2023-02-03','2023-02-04 03:46:14','2023-02-03 19:46:14',NULL),
(43,13,'FotoPemohon','/storage/Pengajuan/13/FotoPemohon.jpg','disetujui','2023-02-03','2023-02-04 03:46:14','2023-02-03 19:46:14',NULL),
(44,13,'SuratKuasa','/storage/Pengajuan/13/SuratKuasa.pdf','disetujui','2023-02-03','2023-02-04 03:46:14','2023-02-03 19:46:14',NULL),
(45,13,'RancangBangun','/storage/Pengajuan/13/RancangBangun.pdf','disetujui','2023-02-03','2023-02-04 03:46:14','2023-02-03 19:46:14',NULL),
(46,13,'DenahBangunan','/storage/Pengajuan/13/DenahBangunan.pdf','disetujui','2023-02-03','2023-02-04 03:46:14','2023-02-03 19:46:14',NULL),
(47,13,'GambarLokasiDanSituasi','/storage/Pengajuan/13/LokasiDanSituasi.pdf','disetujui','2023-02-03','2023-02-04 03:46:14','2023-02-03 19:46:14',NULL),
(48,13,'SuratTanah','/storage/Pengajuan/13/SuratTanah.pdf','disetujui','2023-02-03','2023-02-04 03:46:14','2023-02-03 19:46:14',NULL),
(49,14,'KTPPemohon','/storage/Pengajuan/14/KTPPemohon.jpg','disetujui','2023-03-02','2023-04-14 14:58:19','2023-04-14 06:58:19',NULL),
(50,14,'NPWPPemohon','/storage/Pengajuan/14/NPWPPemohon.jpeg','disetujui','2023-03-02','2023-04-14 14:58:19','2023-04-14 06:58:19',NULL),
(51,14,'FotoPemohon','/storage/Pengajuan/14/FotoPemohon.jpg','disetujui','2023-03-02','2023-04-14 14:58:19','2023-04-14 06:58:19',NULL),
(52,14,'SuratKuasa','/storage/Pengajuan/14/SuratKuasa.pdf','disetujui','2023-03-02','2023-04-14 14:58:19','2023-04-14 06:58:19',NULL),
(53,14,'RancangBangun','/storage/Pengajuan/14/RancangBangun.pdf','disetujui','2023-03-02','2023-04-14 14:58:19','2023-04-14 06:58:19',NULL),
(54,14,'DenahBangunan','/storage/Pengajuan/14/DenahBangunan.pdf','disetujui','2023-03-02','2023-04-14 14:58:19','2023-04-14 06:58:19',NULL),
(55,14,'GambarLokasiDanSituasi','/storage/Pengajuan/14/LokasiDanSituasi.pdf','disetujui','2023-03-02','2023-04-14 14:58:19','2023-04-14 06:58:19',NULL),
(56,14,'SuratTanah','/storage/Pengajuan/14/SuratTanah.pdf','disetujui','2023-03-02','2023-04-14 14:58:19','2023-04-14 06:58:19',NULL),
(57,15,'KTPPemohon','/storage/Pengajuan/15/KTPPemohon.jpg','disetujui','2023-03-14','2023-03-14 18:14:20','2023-03-14 10:14:20',NULL),
(58,15,'NPWPPemohon','/storage/Pengajuan/15/NPWPPemohon.jpeg','disetujui','2023-03-14','2023-03-14 18:14:20','2023-03-14 10:14:20',NULL),
(59,15,'FotoPemohon','/storage/Pengajuan/15/FotoPemohon.jpg','disetujui','2023-03-14','2023-03-14 18:14:20','2023-03-14 10:14:20',NULL),
(60,15,'SuratKuasa','/storage/Pengajuan/15/SuratKuasa.pdf','disetujui','2023-03-14','2023-03-14 18:14:20','2023-03-14 10:14:20',NULL),
(61,15,'RancangBangun','/storage/Pengajuan/15/RancangBangun.pdf','disetujui','2023-03-14','2023-03-14 18:14:20','2023-03-14 10:14:20',NULL),
(62,15,'DenahBangunan','/storage/Pengajuan/15/DenahBangunan.pdf','disetujui','2023-03-14','2023-03-14 18:14:20','2023-03-14 10:14:20',NULL),
(63,15,'GambarLokasiDanSituasi','/storage/Pengajuan/15/LokasiDanSituasi.pdf','disetujui','2023-03-14','2023-03-14 18:14:20','2023-03-14 10:14:20',NULL),
(64,15,'SuratTanah','/storage/Pengajuan/15/SuratTanah.pdf','disetujui','2023-03-14','2023-03-14 18:14:20','2023-03-14 10:14:20',NULL),
(65,16,'KTPPemohon','/storage/Pengajuan/16/KTPPemohon.jpg','disetujui','2023-03-18','2023-03-18 22:49:00','2023-03-18 14:49:00',NULL),
(66,16,'NPWPPemohon','/storage/Pengajuan/16/NPWPPemohon.jpeg','disetujui','2023-03-18','2023-03-18 22:49:00','2023-03-18 14:49:00',NULL),
(67,16,'FotoPemohon','/storage/Pengajuan/16/FotoPemohon.jpg','disetujui','2023-03-18','2023-03-18 22:49:00','2023-03-18 14:49:00',NULL),
(68,16,'SuratKuasa','/storage/Pengajuan/16/SuratKuasa.pdf','disetujui','2023-03-18','2023-03-18 22:49:00','2023-03-18 14:49:00',NULL),
(69,16,'RancangBangun','/storage/Pengajuan/16/RancangBangun.pdf','disetujui','2023-03-18','2023-03-18 22:49:00','2023-03-18 14:49:00',NULL),
(70,16,'DenahBangunan','/storage/Pengajuan/16/DenahBangunan.pdf','disetujui','2023-03-18','2023-03-18 22:49:00','2023-03-18 14:49:00',NULL),
(71,16,'GambarLokasiDanSituasi','/storage/Pengajuan/16/LokasiDanSituasi.pdf','disetujui','2023-03-18','2023-03-18 22:49:00','2023-03-18 14:49:00',NULL),
(72,16,'SuratTanah','/storage/Pengajuan/16/SuratTanah.pdf','disetujui','2023-03-18','2023-03-18 22:49:00','2023-03-18 14:49:00',NULL),
(73,17,'KTPPemohon','/storage/Pengajuan/17/KTPPemohon.jpg','disetujui','2023-03-18','2023-03-18 22:58:22','2023-03-18 14:58:22',NULL),
(74,17,'NPWPPemohon','/storage/Pengajuan/17/NPWPPemohon.jpeg','disetujui','2023-03-18','2023-03-18 22:58:22','2023-03-18 14:58:22',NULL),
(75,17,'FotoPemohon','/storage/Pengajuan/17/FotoPemohon.jpg','disetujui','2023-03-18','2023-03-18 22:58:22','2023-03-18 14:58:22',NULL),
(76,17,'SuratKuasa','/storage/Pengajuan/17/SuratKuasa.pdf','disetujui','2023-03-18','2023-03-18 22:58:22','2023-03-18 14:58:22',NULL),
(77,17,'RancangBangun','/storage/Pengajuan/17/RancangBangun.pdf','disetujui','2023-03-18','2023-03-18 22:58:22','2023-03-18 14:58:22',NULL),
(78,17,'DenahBangunan','/storage/Pengajuan/17/DenahBangunan.pdf','disetujui','2023-03-18','2023-03-18 22:58:22','2023-03-18 14:58:22',NULL),
(79,17,'GambarLokasiDanSituasi','/storage/Pengajuan/17/LokasiDanSituasi.pdf','disetujui','2023-03-18','2023-03-18 22:58:22','2023-03-18 14:58:22',NULL),
(80,17,'SuratTanah','/storage/Pengajuan/17/SuratTanah.pdf','disetujui','2023-03-18','2023-03-18 22:58:22','2023-03-18 14:58:22',NULL),
(81,18,'KTPPemohon','/storage/Pengajuan/18/KTPPemohon.jpg','disetujui','2023-04-11','2023-04-14 14:59:21','2023-04-14 06:59:21',NULL),
(82,18,'NPWPPemohon','/storage/Pengajuan/18/NPWPPemohon.jpeg','disetujui','2023-04-11','2023-04-14 14:59:21','2023-04-14 06:59:21',NULL),
(83,18,'FotoPemohon','/storage/Pengajuan/18/FotoPemohon.jpg','disetujui','2023-04-11','2023-04-14 14:59:21','2023-04-14 06:59:21',NULL),
(84,18,'SuratKuasa','/storage/Pengajuan/18/SuratKuasa.pdf','disetujui','2023-04-11','2023-04-14 14:59:21','2023-04-14 06:59:21',NULL),
(85,18,'RancangBangun','/storage/Pengajuan/18/RancangBangun.pdf','disetujui','2023-04-11','2023-04-14 14:59:21','2023-04-14 06:59:21',NULL),
(86,18,'DenahBangunan','/storage/Pengajuan/18/DenahBangunan.pdf','disetujui','2023-04-11','2023-04-14 14:59:21','2023-04-14 06:59:21',NULL),
(87,18,'GambarLokasiDanSituasi','/storage/Pengajuan/18/LokasiDanSituasi.pdf','disetujui','2023-04-11','2023-04-14 14:59:21','2023-04-14 06:59:21',NULL),
(88,18,'SuratTanah','/storage/Pengajuan/18/SuratTanah.pdf','disetujui','2023-04-11','2023-04-14 14:59:21','2023-04-14 06:59:21',NULL),
(89,23,'KTPPemohon','/storage/Pengajuan/23/KTPPemohon.jpg','disetujui','2023-04-24','2023-05-04 23:04:40','2023-05-04 15:04:40',NULL),
(90,23,'NPWPPemohon','/storage/Pengajuan/23/NPWPPemohon.jpeg','disetujui','2023-04-24','2023-05-04 23:04:40','2023-05-04 15:04:40',NULL),
(91,23,'FotoPemohon','/storage/Pengajuan/23/FotoPemohon.jpg','disetujui','2023-04-24','2023-05-04 23:04:40','2023-05-04 15:04:40',NULL),
(92,23,'SuratKuasa','/storage/Pengajuan/23/SuratKuasa.pdf','disetujui','2023-04-24','2023-05-04 23:04:40','2023-05-04 15:04:40',NULL),
(93,23,'RancangBangun','/storage/Pengajuan/23/RancangBangun.pdf','disetujui','2023-04-24','2023-05-04 23:04:40','2023-05-04 15:04:40',NULL),
(94,23,'DenahBangunan','/storage/Pengajuan/23/DenahBangunan.pdf','disetujui','2023-04-24','2023-05-04 23:04:40','2023-05-04 15:04:40',NULL),
(95,23,'GambarLokasiDanSituasi','/storage/Pengajuan/23/LokasiDanSituasi.pdf','disetujui','2023-04-24','2023-05-04 23:04:40','2023-05-04 15:04:40',NULL),
(96,23,'SuratTanah','/storage/Pengajuan/23/SuratTanah.pdf','disetujui','2023-04-24','2023-05-04 23:04:40','2023-05-04 15:04:40',NULL),
(97,20,'KTPPemohon','/storage/Pengajuan/20/KTPPemohon.jpg','disetujui','2023-04-24','2023-05-04 23:02:18','2023-05-04 15:02:18',NULL),
(98,20,'NPWPPemohon','/storage/Pengajuan/20/NPWPPemohon.jpeg','disetujui','2023-04-24','2023-05-04 23:02:18','2023-05-04 15:02:18',NULL),
(99,20,'FotoPemohon','/storage/Pengajuan/20/FotoPemohon.jpg','disetujui','2023-04-24','2023-05-04 23:02:18','2023-05-04 15:02:18',NULL),
(100,20,'SuratKuasa','/storage/Pengajuan/20/SuratKuasa.pdf','disetujui','2023-04-24','2023-05-04 23:02:18','2023-05-04 15:02:18',NULL),
(101,20,'RancangBangun','/storage/Pengajuan/20/RancangBangun.pdf','disetujui','2023-04-24','2023-05-04 23:02:18','2023-05-04 15:02:18',NULL),
(102,20,'DenahBangunan','/storage/Pengajuan/20/DenahBangunan.pdf','disetujui','2023-04-24','2023-05-04 23:02:18','2023-05-04 15:02:18',NULL),
(103,20,'GambarLokasiDanSituasi','/storage/Pengajuan/20/LokasiDanSituasi.pdf','disetujui','2023-04-24','2023-05-04 23:02:18','2023-05-04 15:02:18',NULL),
(104,20,'SuratTanah','/storage/Pengajuan/20/SuratTanah.pdf','disetujui','2023-04-24','2023-05-04 23:02:18','2023-05-04 15:02:18',NULL),
(105,19,'KTPPemohon','/storage/Pengajuan/19/KTPPemohon.jpg','disetujui','2023-04-24','2023-05-04 23:01:53','2023-05-04 15:01:53',NULL),
(106,19,'NPWPPemohon','/storage/Pengajuan/19/NPWPPemohon.jpeg','disetujui','2023-04-24','2023-05-04 23:01:53','2023-05-04 15:01:53',NULL),
(107,19,'FotoPemohon','/storage/Pengajuan/19/FotoPemohon.jpg','disetujui','2023-04-24','2023-05-04 23:01:53','2023-05-04 15:01:53',NULL),
(108,19,'SuratKuasa','/storage/Pengajuan/19/SuratKuasa.pdf','disetujui','2023-04-24','2023-05-04 23:01:53','2023-05-04 15:01:53',NULL),
(109,19,'RancangBangun','/storage/Pengajuan/19/RancangBangun.pdf','disetujui','2023-04-24','2023-05-04 23:01:53','2023-05-04 15:01:53',NULL),
(110,19,'DenahBangunan','/storage/Pengajuan/19/DenahBangunan.pdf','disetujui','2023-04-24','2023-05-04 23:01:53','2023-05-04 15:01:53',NULL),
(111,19,'GambarLokasiDanSituasi','/storage/Pengajuan/19/LokasiDanSituasi.pdf','disetujui','2023-04-24','2023-05-04 23:01:53','2023-05-04 15:01:53',NULL),
(112,19,'SuratTanah','/storage/Pengajuan/19/SuratTanah.pdf','disetujui','2023-04-24','2023-05-04 23:01:53','2023-05-04 15:01:53',NULL),
(113,21,'KTPPemohon','/storage/Pengajuan/21/KTPPemohon.jpg','disetujui','2023-04-24','2023-05-04 23:03:33','2023-05-04 15:03:33',NULL),
(114,21,'NPWPPemohon','/storage/Pengajuan/21/NPWPPemohon.jpeg','disetujui','2023-04-24','2023-05-04 23:03:33','2023-05-04 15:03:33',NULL),
(115,21,'FotoPemohon','/storage/Pengajuan/21/FotoPemohon.jpg','disetujui','2023-04-24','2023-05-04 23:03:33','2023-05-04 15:03:33',NULL),
(116,21,'SuratKuasa','/storage/Pengajuan/21/SuratKuasa.pdf','disetujui','2023-04-24','2023-05-04 23:03:33','2023-05-04 15:03:33',NULL),
(117,21,'RancangBangun','/storage/Pengajuan/21/RancangBangun.pdf','disetujui','2023-04-24','2023-05-04 23:03:33','2023-05-04 15:03:33',NULL),
(118,21,'DenahBangunan','/storage/Pengajuan/21/DenahBangunan.pdf','disetujui','2023-04-24','2023-05-04 23:03:33','2023-05-04 15:03:33',NULL),
(119,21,'GambarLokasiDanSituasi','/storage/Pengajuan/21/LokasiDanSituasi.pdf','disetujui','2023-04-24','2023-05-04 23:03:33','2023-05-04 15:03:33',NULL),
(120,21,'SuratTanah','/storage/Pengajuan/21/SuratTanah.pdf','disetujui','2023-04-24','2023-05-04 23:03:33','2023-05-04 15:03:33',NULL),
(121,22,'KTPPemohon','/storage/Pengajuan/22/KTPPemohon.jpg','disetujui','2023-04-24','2023-05-04 23:04:03','2023-05-04 15:04:03',NULL),
(122,22,'NPWPPemohon','/storage/Pengajuan/22/NPWPPemohon.jpeg','disetujui','2023-04-24','2023-05-04 23:04:03','2023-05-04 15:04:03',NULL),
(123,22,'FotoPemohon','/storage/Pengajuan/22/FotoPemohon.jpg','disetujui','2023-04-24','2023-05-04 23:04:03','2023-05-04 15:04:03',NULL),
(124,22,'SuratKuasa','/storage/Pengajuan/22/SuratKuasa.pdf','disetujui','2023-04-24','2023-05-04 23:04:03','2023-05-04 15:04:03',NULL),
(125,22,'RancangBangun','/storage/Pengajuan/22/RancangBangun.pdf','disetujui','2023-04-24','2023-05-04 23:04:03','2023-05-04 15:04:03',NULL),
(126,22,'DenahBangunan','/storage/Pengajuan/22/DenahBangunan.pdf','disetujui','2023-04-24','2023-05-04 23:04:03','2023-05-04 15:04:03',NULL),
(127,22,'GambarLokasiDanSituasi','/storage/Pengajuan/22/LokasiDanSituasi.pdf','disetujui','2023-04-24','2023-05-04 23:04:03','2023-05-04 15:04:03',NULL),
(128,22,'SuratTanah','/storage/Pengajuan/22/SuratTanah.pdf','disetujui','2023-04-24','2023-05-04 23:04:03','2023-05-04 15:04:03',NULL),
(129,24,'KTPPemohon','/storage/Pengajuan/24/KTPPemohon.jpg','disetujui','2023-05-01','2023-05-04 23:05:16','2023-05-04 15:05:16',NULL),
(130,24,'NPWPPemohon','/storage/Pengajuan/24/NPWPPemohon.jpeg','disetujui','2023-05-01','2023-05-04 23:05:16','2023-05-04 15:05:16',NULL),
(131,24,'FotoPemohon','/storage/Pengajuan/24/FotoPemohon.jpg','disetujui','2023-05-01','2023-05-04 23:05:16','2023-05-04 15:05:16',NULL),
(132,24,'SuratKuasa','/storage/Pengajuan/24/SuratKuasa.pdf','disetujui','2023-05-01','2023-05-04 23:05:16','2023-05-04 15:05:16',NULL),
(133,24,'RancangBangun','/storage/Pengajuan/24/RancangBangun.pdf','disetujui','2023-05-01','2023-05-04 23:05:16','2023-05-04 15:05:16',NULL),
(134,24,'DenahBangunan','/storage/Pengajuan/24/DenahBangunan.pdf','disetujui','2023-05-01','2023-05-04 23:05:16','2023-05-04 15:05:16',NULL),
(135,24,'GambarLokasiDanSituasi','/storage/Pengajuan/24/LokasiDanSituasi.pdf','disetujui','2023-05-01','2023-05-04 23:05:16','2023-05-04 15:05:16',NULL),
(136,24,'SuratTanah','/storage/Pengajuan/24/SuratTanah.pdf','disetujui','2023-05-01','2023-05-04 23:05:16','2023-05-04 15:05:16',NULL),
(137,25,'KTPPemohon','/storage/Pengajuan/25/KTPPemohon.jpg','disetujui','2023-05-01','2023-05-04 23:05:56','2023-05-04 15:05:56',NULL),
(138,25,'NPWPPemohon','/storage/Pengajuan/25/NPWPPemohon.jpeg','disetujui','2023-05-01','2023-05-04 23:05:56','2023-05-04 15:05:56',NULL),
(139,25,'FotoPemohon','/storage/Pengajuan/25/FotoPemohon.jpg','disetujui','2023-05-01','2023-05-04 23:05:56','2023-05-04 15:05:56',NULL),
(140,25,'SuratKuasa','/storage/Pengajuan/25/SuratKuasa.pdf','disetujui','2023-05-01','2023-05-04 23:05:56','2023-05-04 15:05:56',NULL),
(141,25,'RancangBangun','/storage/Pengajuan/25/RancangBangun.pdf','disetujui','2023-05-01','2023-05-04 23:05:56','2023-05-04 15:05:56',NULL),
(142,25,'DenahBangunan','/storage/Pengajuan/25/DenahBangunan.pdf','disetujui','2023-05-01','2023-05-04 23:05:56','2023-05-04 15:05:56',NULL),
(143,25,'GambarLokasiDanSituasi','/storage/Pengajuan/25/LokasiDanSituasi.pdf','disetujui','2023-05-01','2023-05-04 23:05:56','2023-05-04 15:05:56',NULL),
(144,25,'SuratTanah','/storage/Pengajuan/25/SuratTanah.pdf','disetujui','2023-05-01','2023-05-04 23:05:56','2023-05-04 15:05:56',NULL),
(145,26,'KTPPemohon','/storage/Pengajuan/26/KTPPemohon.jpg','disetujui','2023-05-01','2023-05-04 23:06:36','2023-05-04 15:06:36',NULL),
(146,26,'NPWPPemohon','/storage/Pengajuan/26/NPWPPemohon.jpeg','disetujui','2023-05-01','2023-05-04 23:06:36','2023-05-04 15:06:36',NULL),
(147,26,'FotoPemohon','/storage/Pengajuan/26/FotoPemohon.jpg','disetujui','2023-05-01','2023-05-04 23:06:36','2023-05-04 15:06:36',NULL),
(148,26,'SuratKuasa','/storage/Pengajuan/26/SuratKuasa.pdf','disetujui','2023-05-01','2023-05-04 23:06:36','2023-05-04 15:06:36',NULL),
(149,26,'RancangBangun','/storage/Pengajuan/26/RancangBangun.pdf','disetujui','2023-05-01','2023-05-04 23:06:36','2023-05-04 15:06:36',NULL),
(150,26,'DenahBangunan','/storage/Pengajuan/26/DenahBangunan.pdf','disetujui','2023-05-01','2023-05-04 23:06:36','2023-05-04 15:06:36',NULL),
(151,26,'GambarLokasiDanSituasi','/storage/Pengajuan/26/LokasiDanSituasi.pdf','disetujui','2023-05-01','2023-05-04 23:06:36','2023-05-04 15:06:36',NULL),
(152,26,'SuratTanah','/storage/Pengajuan/26/SuratTanah.pdf','disetujui','2023-05-01','2023-05-04 23:06:36','2023-05-04 15:06:36',NULL),
(161,28,'KTPPemohon','/storage/Pengajuan/28/KTPPemohon.jpg','disetujui','2023-05-01','2023-05-04 23:07:06','2023-05-04 15:07:06',NULL),
(162,28,'NPWPPemohon','/storage/Pengajuan/28/NPWPPemohon.jpeg','disetujui','2023-05-01','2023-05-04 23:07:06','2023-05-04 15:07:06',NULL),
(163,28,'FotoPemohon','/storage/Pengajuan/28/FotoPemohon.jpg','disetujui','2023-05-01','2023-05-04 23:07:06','2023-05-04 15:07:06',NULL),
(164,28,'SuratKuasa','/storage/Pengajuan/28/SuratKuasa.pdf','disetujui','2023-05-01','2023-05-04 23:07:06','2023-05-04 15:07:06',NULL),
(165,28,'RancangBangun','/storage/Pengajuan/28/RancangBangun.pdf','disetujui','2023-05-01','2023-05-04 23:07:06','2023-05-04 15:07:06',NULL),
(166,28,'DenahBangunan','/storage/Pengajuan/28/DenahBangunan.pdf','disetujui','2023-05-01','2023-05-04 23:07:06','2023-05-04 15:07:06',NULL),
(167,28,'GambarLokasiDanSituasi','/storage/Pengajuan/28/LokasiDanSituasi.pdf','disetujui','2023-05-01','2023-05-04 23:07:06','2023-05-04 15:07:06',NULL),
(168,28,'SuratTanah','/storage/Pengajuan/28/SuratTanah.pdf','disetujui','2023-05-01','2023-05-04 23:07:06','2023-05-04 15:07:06',NULL),
(169,29,'KTPPemohon','/storage/Pengajuan/29/KTPPemohon.jpg','disetujui','2023-05-01','2023-05-04 23:07:47','2023-05-04 15:07:47',NULL),
(170,29,'NPWPPemohon','/storage/Pengajuan/29/NPWPPemohon.jpeg','disetujui','2023-05-01','2023-05-04 23:07:47','2023-05-04 15:07:47',NULL),
(171,29,'FotoPemohon','/storage/Pengajuan/29/FotoPemohon.jpg','disetujui','2023-05-01','2023-05-04 23:07:47','2023-05-04 15:07:47',NULL),
(172,29,'SuratKuasa','/storage/Pengajuan/29/SuratKuasa.pdf','disetujui','2023-05-01','2023-05-04 23:07:47','2023-05-04 15:07:47',NULL),
(173,29,'RancangBangun','/storage/Pengajuan/29/RancangBangun.pdf','disetujui','2023-05-01','2023-05-04 23:07:47','2023-05-04 15:07:47',NULL),
(174,29,'DenahBangunan','/storage/Pengajuan/29/DenahBangunan.pdf','disetujui','2023-05-01','2023-05-04 23:07:47','2023-05-04 15:07:47',NULL),
(175,29,'GambarLokasiDanSituasi','/storage/Pengajuan/29/LokasiDanSituasi.pdf','disetujui','2023-05-01','2023-05-04 23:07:47','2023-05-04 15:07:47',NULL),
(176,29,'SuratTanah','/storage/Pengajuan/29/SuratTanah.pdf','disetujui','2023-05-01','2023-05-04 23:07:47','2023-05-04 15:07:47',NULL),
(177,30,'KTPPemohon','/storage/Pengajuan/30/KTPPemohon.jpg','disetujui','2023-05-01','2023-05-04 23:08:26','2023-05-04 15:08:26',NULL),
(178,30,'NPWPPemohon','/storage/Pengajuan/30/NPWPPemohon.jpeg','disetujui','2023-05-01','2023-05-04 23:08:26','2023-05-04 15:08:26',NULL),
(179,30,'FotoPemohon','/storage/Pengajuan/30/FotoPemohon.jpg','disetujui','2023-05-01','2023-05-04 23:08:26','2023-05-04 15:08:26',NULL),
(180,30,'SuratKuasa','/storage/Pengajuan/30/SuratKuasa.pdf','disetujui','2023-05-01','2023-05-04 23:08:26','2023-05-04 15:08:26',NULL),
(181,30,'RancangBangun','/storage/Pengajuan/30/RancangBangun.pdf','disetujui','2023-05-01','2023-05-04 23:08:26','2023-05-04 15:08:26',NULL),
(182,30,'DenahBangunan','/storage/Pengajuan/30/DenahBangunan.pdf','disetujui','2023-05-01','2023-05-04 23:08:26','2023-05-04 15:08:26',NULL),
(183,30,'GambarLokasiDanSituasi','/storage/Pengajuan/30/LokasiDanSituasi.pdf','disetujui','2023-05-01','2023-05-04 23:08:26','2023-05-04 15:08:26',NULL),
(184,30,'SuratTanah','/storage/Pengajuan/30/SuratTanah.pdf','disetujui','2023-05-01','2023-05-04 23:08:26','2023-05-04 15:08:26',NULL),
(185,31,'KTPPemohon','/storage/Pengajuan/31/KTPPemohon.jpg','disetujui','2023-05-01','2023-05-04 23:09:05','2023-05-04 15:09:05',NULL),
(186,31,'NPWPPemohon','/storage/Pengajuan/31/NPWPPemohon.jpeg','disetujui','2023-05-01','2023-05-04 23:09:05','2023-05-04 15:09:05',NULL),
(187,31,'FotoPemohon','/storage/Pengajuan/31/FotoPemohon.jpg','disetujui','2023-05-01','2023-05-04 23:09:05','2023-05-04 15:09:05',NULL),
(188,31,'SuratKuasa','/storage/Pengajuan/31/SuratKuasa.pdf','disetujui','2023-05-01','2023-05-04 23:09:05','2023-05-04 15:09:05',NULL),
(189,31,'RancangBangun','/storage/Pengajuan/31/RancangBangun.pdf','disetujui','2023-05-01','2023-05-04 23:09:05','2023-05-04 15:09:05',NULL),
(190,31,'DenahBangunan','/storage/Pengajuan/31/DenahBangunan.pdf','disetujui','2023-05-01','2023-05-04 23:09:05','2023-05-04 15:09:05',NULL),
(191,31,'GambarLokasiDanSituasi','/storage/Pengajuan/31/LokasiDanSituasi.pdf','disetujui','2023-05-01','2023-05-04 23:09:05','2023-05-04 15:09:05',NULL),
(192,31,'SuratTanah','/storage/Pengajuan/31/SuratTanah.pdf','disetujui','2023-05-01','2023-05-04 23:09:05','2023-05-04 15:09:05',NULL),
(193,32,'KTPPemohon','/storage/Pengajuan/32/KTPPemohon.jpg','disetujui','2023-05-03','2023-05-04 23:11:53','2023-05-04 15:11:53',NULL),
(194,32,'NPWPPemohon','/storage/Pengajuan/32/NPWPPemohon.jpeg','disetujui','2023-05-03','2023-05-04 23:11:53','2023-05-04 15:11:53',NULL),
(195,32,'FotoPemohon','/storage/Pengajuan/32/FotoPemohon.jpg','disetujui','2023-05-03','2023-05-04 23:11:53','2023-05-04 15:11:53',NULL),
(196,32,'SuratKuasa','/storage/Pengajuan/32/SuratKuasa.pdf','disetujui','2023-05-03','2023-05-04 23:11:53','2023-05-04 15:11:53',NULL),
(197,32,'RancangBangun','/storage/Pengajuan/32/RancangBangun.pdf','disetujui','2023-05-03','2023-05-04 23:11:53','2023-05-04 15:11:53',NULL),
(198,32,'DenahBangunan','/storage/Pengajuan/32/DenahBangunan.pdf','disetujui','2023-05-03','2023-05-04 23:11:53','2023-05-04 15:11:53',NULL),
(199,32,'GambarLokasiDanSituasi','/storage/Pengajuan/32/LokasiDanSituasi.pdf','disetujui','2023-05-03','2023-05-04 23:11:53','2023-05-04 15:11:53',NULL),
(200,32,'SuratTanah','/storage/Pengajuan/32/SuratTanah.pdf','disetujui','2023-05-03','2023-05-04 23:11:53','2023-05-04 15:11:53',NULL),
(201,33,'KTPPemohon','/storage/Pengajuan/33/KTPPemohon.jpg','disetujui','2023-05-03','2023-05-04 23:12:28','2023-05-04 15:12:28',NULL),
(202,33,'NPWPPemohon','/storage/Pengajuan/33/NPWPPemohon.jpeg','disetujui','2023-05-03','2023-05-04 23:12:28','2023-05-04 15:12:28',NULL),
(203,33,'FotoPemohon','/storage/Pengajuan/33/FotoPemohon.jpg','disetujui','2023-05-03','2023-05-04 23:12:28','2023-05-04 15:12:28',NULL),
(204,33,'SuratKuasa','/storage/Pengajuan/33/SuratKuasa.pdf','disetujui','2023-05-03','2023-05-04 23:12:28','2023-05-04 15:12:28',NULL),
(205,33,'RancangBangun','/storage/Pengajuan/33/RancangBangun.pdf','disetujui','2023-05-03','2023-05-04 23:12:28','2023-05-04 15:12:28',NULL),
(206,33,'DenahBangunan','/storage/Pengajuan/33/DenahBangunan.pdf','disetujui','2023-05-03','2023-05-04 23:12:28','2023-05-04 15:12:28',NULL),
(207,33,'GambarLokasiDanSituasi','/storage/Pengajuan/33/LokasiDanSituasi.pdf','disetujui','2023-05-03','2023-05-04 23:12:28','2023-05-04 15:12:28',NULL),
(208,33,'SuratTanah','/storage/Pengajuan/33/SuratTanah.pdf','disetujui','2023-05-03','2023-05-04 23:12:28','2023-05-04 15:12:28',NULL),
(209,34,'KTPPemohon','/storage/Pengajuan/34/KTPPemohon.jpg','disetujui','2023-05-03','2023-05-04 23:14:37','2023-05-04 15:14:37',NULL),
(210,34,'NPWPPemohon','/storage/Pengajuan/34/NPWPPemohon.jpeg','disetujui','2023-05-03','2023-05-04 23:14:37','2023-05-04 15:14:37',NULL),
(211,34,'FotoPemohon','/storage/Pengajuan/34/FotoPemohon.jpg','disetujui','2023-05-03','2023-05-04 23:14:37','2023-05-04 15:14:37',NULL),
(212,34,'SuratKuasa','/storage/Pengajuan/34/SuratKuasa.pdf','disetujui','2023-05-03','2023-05-04 23:14:37','2023-05-04 15:14:37',NULL),
(213,34,'RancangBangun','/storage/Pengajuan/34/RancangBangun.pdf','disetujui','2023-05-03','2023-05-04 23:14:37','2023-05-04 15:14:37',NULL),
(214,34,'DenahBangunan','/storage/Pengajuan/34/DenahBangunan.pdf','disetujui','2023-05-03','2023-05-04 23:14:37','2023-05-04 15:14:37',NULL),
(215,34,'GambarLokasiDanSituasi','/storage/Pengajuan/34/LokasiDanSituasi.pdf','disetujui','2023-05-03','2023-05-04 23:14:37','2023-05-04 15:14:37',NULL),
(216,34,'SuratTanah','/storage/Pengajuan/34/SuratTanah.pdf','disetujui','2023-05-03','2023-05-04 23:14:37','2023-05-04 15:14:37',NULL),
(217,35,'KTPPemohon','/storage/Pengajuan/35/KTPPemohon.jpg','disetujui','2023-05-03','2023-05-04 23:15:33','2023-05-04 15:15:33',NULL),
(218,35,'NPWPPemohon','/storage/Pengajuan/35/NPWPPemohon.jpeg','disetujui','2023-05-03','2023-05-04 23:15:33','2023-05-04 15:15:33',NULL),
(219,35,'FotoPemohon','/storage/Pengajuan/35/FotoPemohon.jpg','disetujui','2023-05-03','2023-05-04 23:15:33','2023-05-04 15:15:33',NULL),
(220,35,'SuratKuasa','/storage/Pengajuan/35/SuratKuasa.pdf','disetujui','2023-05-03','2023-05-04 23:15:33','2023-05-04 15:15:33',NULL),
(221,35,'RancangBangun','/storage/Pengajuan/35/RancangBangun.pdf','disetujui','2023-05-03','2023-05-04 23:15:33','2023-05-04 15:15:33',NULL),
(222,35,'DenahBangunan','/storage/Pengajuan/35/DenahBangunan.pdf','disetujui','2023-05-03','2023-05-04 23:15:33','2023-05-04 15:15:33',NULL),
(223,35,'GambarLokasiDanSituasi','/storage/Pengajuan/35/LokasiDanSituasi.pdf','disetujui','2023-05-03','2023-05-04 23:15:33','2023-05-04 15:15:33',NULL),
(224,35,'SuratTanah','/storage/Pengajuan/35/SuratTanah.pdf','disetujui','2023-05-03','2023-05-04 23:15:33','2023-05-04 15:15:33',NULL),
(225,36,'KTPPemohon','/storage/Pengajuan/36/KTPPemohon.jpg','disetujui','2023-05-03','2023-05-04 23:16:14','2023-05-04 15:16:14',NULL),
(226,36,'NPWPPemohon','/storage/Pengajuan/36/NPWPPemohon.jpeg','disetujui','2023-05-03','2023-05-04 23:16:14','2023-05-04 15:16:14',NULL),
(227,36,'FotoPemohon','/storage/Pengajuan/36/FotoPemohon.jpg','disetujui','2023-05-03','2023-05-04 23:16:14','2023-05-04 15:16:14',NULL),
(228,36,'SuratKuasa','/storage/Pengajuan/36/SuratKuasa.pdf','disetujui','2023-05-03','2023-05-04 23:16:14','2023-05-04 15:16:14',NULL),
(229,36,'RancangBangun','/storage/Pengajuan/36/RancangBangun.pdf','disetujui','2023-05-03','2023-05-04 23:16:14','2023-05-04 15:16:14',NULL),
(230,36,'DenahBangunan','/storage/Pengajuan/36/DenahBangunan.pdf','disetujui','2023-05-03','2023-05-04 23:16:14','2023-05-04 15:16:14',NULL),
(231,36,'GambarLokasiDanSituasi','/storage/Pengajuan/36/LokasiDanSituasi.pdf','disetujui','2023-05-03','2023-05-04 23:16:14','2023-05-04 15:16:14',NULL),
(232,36,'SuratTanah','/storage/Pengajuan/36/SuratTanah.pdf','disetujui','2023-05-03','2023-05-04 23:16:14','2023-05-04 15:16:14',NULL),
(233,37,'KTPPemohon','/storage/Pengajuan/37/KTPPemohon.jpg','disetujui','2023-05-03','2023-05-04 23:16:56','2023-05-04 15:16:56',NULL),
(234,37,'NPWPPemohon','/storage/Pengajuan/37/NPWPPemohon.jpeg','disetujui','2023-05-03','2023-05-04 23:16:56','2023-05-04 15:16:56',NULL),
(235,37,'FotoPemohon','/storage/Pengajuan/37/FotoPemohon.jpg','disetujui','2023-05-03','2023-05-04 23:16:56','2023-05-04 15:16:56',NULL),
(236,37,'SuratKuasa','/storage/Pengajuan/37/SuratKuasa.pdf','disetujui','2023-05-03','2023-05-04 23:16:56','2023-05-04 15:16:56',NULL),
(237,37,'RancangBangun','/storage/Pengajuan/37/RancangBangun.pdf','disetujui','2023-05-03','2023-05-04 23:16:56','2023-05-04 15:16:56',NULL),
(238,37,'DenahBangunan','/storage/Pengajuan/37/DenahBangunan.pdf','disetujui','2023-05-03','2023-05-04 23:16:56','2023-05-04 15:16:56',NULL),
(239,37,'GambarLokasiDanSituasi','/storage/Pengajuan/37/LokasiDanSituasi.pdf','disetujui','2023-05-03','2023-05-04 23:16:56','2023-05-04 15:16:56',NULL),
(240,37,'SuratTanah','/storage/Pengajuan/37/SuratTanah.pdf','disetujui','2023-05-03','2023-05-04 23:16:56','2023-05-04 15:16:56',NULL),
(241,38,'KTPPemohon','/storage/Pengajuan/38/KTPPemohon.jpg','disetujui','2023-05-03','2023-05-04 23:17:55','2023-05-04 15:17:55',NULL),
(242,38,'NPWPPemohon','/storage/Pengajuan/38/NPWPPemohon.jpeg','disetujui','2023-05-03','2023-05-04 23:17:55','2023-05-04 15:17:55',NULL),
(243,38,'FotoPemohon','/storage/Pengajuan/38/FotoPemohon.jpg','disetujui','2023-05-03','2023-05-04 23:17:55','2023-05-04 15:17:55',NULL),
(244,38,'SuratKuasa','/storage/Pengajuan/38/SuratKuasa.pdf','disetujui','2023-05-03','2023-05-04 23:17:55','2023-05-04 15:17:55',NULL),
(245,38,'RancangBangun','/storage/Pengajuan/38/RancangBangun.pdf','disetujui','2023-05-03','2023-05-04 23:17:55','2023-05-04 15:17:55',NULL),
(246,38,'DenahBangunan','/storage/Pengajuan/38/DenahBangunan.pdf','disetujui','2023-05-03','2023-05-04 23:17:55','2023-05-04 15:17:55',NULL),
(247,38,'GambarLokasiDanSituasi','/storage/Pengajuan/38/LokasiDanSituasi.pdf','disetujui','2023-05-03','2023-05-04 23:17:55','2023-05-04 15:17:55',NULL),
(248,38,'SuratTanah','/storage/Pengajuan/38/SuratTanah.pdf','disetujui','2023-05-03','2023-05-04 23:17:55','2023-05-04 15:17:55',NULL),
(249,39,'KTPPemohon','/storage/Pengajuan/39/KTPPemohon.jpg','disetujui','2023-05-10','2023-05-11 00:37:09','2023-05-10 16:37:09',NULL),
(250,39,'NPWPPemohon','/storage/Pengajuan/39/NPWPPemohon.jpeg','disetujui','2023-05-10','2023-05-11 00:37:09','2023-05-10 16:37:09',NULL),
(251,39,'FotoPemohon','/storage/Pengajuan/39/FotoPemohon.jpg','disetujui','2023-05-10','2023-05-11 00:37:09','2023-05-10 16:37:09',NULL),
(252,39,'SuratKuasa','/storage/Pengajuan/39/SuratKuasa.pdf','disetujui','2023-05-10','2023-05-11 00:37:09','2023-05-10 16:37:09',NULL),
(253,39,'RancangBangun','/storage/Pengajuan/39/RancangBangun.pdf','disetujui','2023-05-10','2023-05-11 00:37:09','2023-05-10 16:37:09',NULL),
(254,39,'DenahBangunan','/storage/Pengajuan/39/DenahBangunan.pdf','disetujui','2023-05-10','2023-05-11 00:37:09','2023-05-10 16:37:09',NULL),
(255,39,'GambarLokasiDanSituasi','/storage/Pengajuan/39/LokasiDanSituasi.pdf','disetujui','2023-05-10','2023-05-11 00:37:09','2023-05-10 16:37:09',NULL),
(256,39,'SuratTanah','/storage/Pengajuan/39/SuratTanah.pdf','disetujui','2023-05-10','2023-05-11 00:37:09','2023-05-10 16:37:09',NULL),
(257,40,'KTPPemohon','/storage/Pengajuan/40/KTPPemohon.jpg','disetujui','2023-05-10','2023-05-11 00:37:33','2023-05-10 16:37:33',NULL),
(258,40,'NPWPPemohon','/storage/Pengajuan/40/NPWPPemohon.jpeg','disetujui','2023-05-10','2023-05-11 00:37:33','2023-05-10 16:37:33',NULL),
(259,40,'FotoPemohon','/storage/Pengajuan/40/FotoPemohon.jpg','disetujui','2023-05-10','2023-05-11 00:37:33','2023-05-10 16:37:33',NULL),
(260,40,'SuratKuasa','/storage/Pengajuan/40/SuratKuasa.pdf','disetujui','2023-05-10','2023-05-11 00:37:33','2023-05-10 16:37:33',NULL),
(261,40,'RancangBangun','/storage/Pengajuan/40/RancangBangun.pdf','disetujui','2023-05-10','2023-05-11 00:37:33','2023-05-10 16:37:33',NULL),
(262,40,'DenahBangunan','/storage/Pengajuan/40/DenahBangunan.pdf','disetujui','2023-05-10','2023-05-11 00:37:33','2023-05-10 16:37:33',NULL),
(263,40,'GambarLokasiDanSituasi','/storage/Pengajuan/40/LokasiDanSituasi.pdf','disetujui','2023-05-10','2023-05-11 00:37:33','2023-05-10 16:37:33',NULL),
(264,40,'SuratTanah','/storage/Pengajuan/40/SuratTanah.pdf','disetujui','2023-05-10','2023-05-11 00:37:33','2023-05-10 16:37:33',NULL),
(265,41,'KTPPemohon','/storage/Pengajuan/41/KTPPemohon.jpg','disetujui','2023-05-10','2023-05-11 00:48:11','2023-05-10 16:48:11',NULL),
(266,41,'NPWPPemohon','/storage/Pengajuan/41/NPWPPemohon.jpeg','disetujui','2023-05-10','2023-05-11 00:48:11','2023-05-10 16:48:11',NULL),
(267,41,'FotoPemohon','/storage/Pengajuan/41/FotoPemohon.jpg','disetujui','2023-05-10','2023-05-11 00:48:11','2023-05-10 16:48:11',NULL),
(268,41,'SuratKuasa','/storage/Pengajuan/41/SuratKuasa.pdf','disetujui','2023-05-10','2023-05-11 00:48:11','2023-05-10 16:48:11',NULL),
(269,41,'RancangBangun','/storage/Pengajuan/41/RancangBangun.pdf','disetujui','2023-05-10','2023-05-11 00:48:11','2023-05-10 16:48:11',NULL),
(270,41,'DenahBangunan','/storage/Pengajuan/41/DenahBangunan.pdf','disetujui','2023-05-10','2023-05-11 00:48:11','2023-05-10 16:48:11',NULL),
(271,41,'GambarLokasiDanSituasi','/storage/Pengajuan/41/LokasiDanSituasi.pdf','disetujui','2023-05-10','2023-05-11 00:48:11','2023-05-10 16:48:11',NULL),
(272,41,'SuratTanah','/storage/Pengajuan/41/SuratTanah.pdf','disetujui','2023-05-10','2023-05-11 00:48:11','2023-05-10 16:48:11',NULL),
(273,42,'KTPPemohon','/storage/Pengajuan/42/KTPPemohon.jpg','tunggu persetujuan','2023-05-11','2023-05-11 15:10:36','2023-05-11 15:10:36',NULL),
(274,42,'NPWPPemohon','/storage/Pengajuan/42/NPWPPemohon.jpeg','tunggu persetujuan','2023-05-11','2023-05-11 15:10:36','2023-05-11 15:10:36',NULL),
(275,42,'FotoPemohon','/storage/Pengajuan/42/FotoPemohon.jpg','tunggu persetujuan','2023-05-11','2023-05-11 15:10:36','2023-05-11 15:10:36',NULL),
(276,42,'SuratKuasa','/storage/Pengajuan/42/SuratKuasa.pdf','tunggu persetujuan','2023-05-11','2023-05-11 15:10:36','2023-05-11 15:10:36',NULL),
(277,42,'RancangBangun','/storage/Pengajuan/42/RancangBangun.pdf','tunggu persetujuan','2023-05-11','2023-05-11 15:10:36','2023-05-11 15:10:36',NULL),
(278,42,'DenahBangunan','/storage/Pengajuan/42/DenahBangunan.pdf','tunggu persetujuan','2023-05-11','2023-05-11 15:10:36','2023-05-11 15:10:36',NULL),
(279,42,'GambarLokasiDanSituasi','/storage/Pengajuan/42/LokasiDanSituasi.pdf','tunggu persetujuan','2023-05-11','2023-05-11 15:10:36','2023-05-11 15:10:36',NULL),
(280,42,'SuratTanah','/storage/Pengajuan/42/SuratTanah.pdf','tunggu persetujuan','2023-05-11','2023-05-11 15:10:36','2023-05-11 15:10:36',NULL);

/*Table structure for table `tb_detail_perusahaan` */

DROP TABLE IF EXISTS `tb_detail_perusahaan`;

CREATE TABLE `tb_detail_perusahaan` (
  `id` int(11) NOT NULL AUTO_INCREMENT,
  `id_perusahaan` int(11) DEFAULT NULL,
  `file` enum('TandaDaftarPerusahaan','AktaPendirianPerusahaan') DEFAULT NULL,
  `patch` varchar(255) DEFAULT NULL,
  `status` enum('tunggu persetujuan','perbaiki','disetujui') DEFAULT NULL,
  `tanggal` date DEFAULT NULL,
  `created_at` timestamp NOT NULL DEFAULT current_timestamp() ON UPDATE current_timestamp(),
  `updated_at` timestamp NULL DEFAULT NULL,
  `deleted_at` timestamp NULL DEFAULT NULL,
  PRIMARY KEY (`id`),
  KEY `id_perusahaan` (`id_perusahaan`),
  CONSTRAINT `tb_detail_perusahaan_ibfk_1` FOREIGN KEY (`id_perusahaan`) REFERENCES `tb_perusahaan` (`id`)
) ENGINE=InnoDB AUTO_INCREMENT=21 DEFAULT CHARSET=latin1 COLLATE=latin1_swedish_ci;

/*Data for the table `tb_detail_perusahaan` */

insert  into `tb_detail_perusahaan`(`id`,`id_perusahaan`,`file`,`patch`,`status`,`tanggal`,`created_at`,`updated_at`,`deleted_at`) values 
(1,16,'TandaDaftarPerusahaan','/storage/Perusahaan/16/TandaDaftar.pdf','disetujui','2023-01-08','2023-01-08 17:23:19','2023-01-08 09:23:19',NULL),
(2,16,'AktaPendirianPerusahaan','/storage/Perusahaan/16/AktaPendirian.pdf','disetujui','2023-01-08','2023-01-08 17:23:19','2023-01-08 09:23:19',NULL),
(3,17,'TandaDaftarPerusahaan','/storage/Perusahaan/17/TandaDaftar.pdf','disetujui','2023-01-08','2023-01-10 12:28:35','2023-01-10 04:28:35',NULL),
(4,17,'AktaPendirianPerusahaan','/storage/Perusahaan/17/AktaPendirian.pdf','disetujui','2023-01-08','2023-01-10 12:28:35','2023-01-10 04:28:35',NULL),
(5,18,'TandaDaftarPerusahaan','/storage/Perusahaan/18/TandaDaftar.pdf','disetujui','2023-03-02','2023-03-02 17:47:22','2023-03-02 09:47:22',NULL),
(6,18,'AktaPendirianPerusahaan','/storage/Perusahaan/18/AktaPendirian.pdf','disetujui','2023-03-02','2023-03-02 17:47:22','2023-03-02 09:47:22',NULL),
(7,19,'TandaDaftarPerusahaan','/storage/Perusahaan/19/TandaDaftar.pdf','disetujui','2023-03-14','2023-03-14 17:50:08','2023-03-14 09:50:08',NULL),
(8,19,'AktaPendirianPerusahaan','/storage/Perusahaan/19/AktaPendirian.pdf','disetujui','2023-03-14','2023-03-14 17:50:08','2023-03-14 09:50:08',NULL),
(9,20,'TandaDaftarPerusahaan','/storage/Perusahaan/20/TandaDaftar.pdf','disetujui','2023-04-18','2023-04-19 13:31:25','2023-04-19 05:31:25',NULL),
(10,20,'AktaPendirianPerusahaan','/storage/Perusahaan/20/AktaPendirian.pdf','disetujui','2023-04-18','2023-04-19 13:31:25','2023-04-19 05:31:25',NULL),
(11,21,'TandaDaftarPerusahaan','/storage/Perusahaan/21/TandaDaftar.pdf','disetujui','2023-04-19','2023-04-19 13:33:37','2023-04-19 05:33:37',NULL),
(12,21,'AktaPendirianPerusahaan','/storage/Perusahaan/21/AktaPendirian.pdf','disetujui','2023-04-19','2023-04-19 13:33:37','2023-04-19 05:33:37',NULL),
(13,22,'TandaDaftarPerusahaan','/storage/Perusahaan/22/TandaDaftar.pdf','disetujui','2023-04-19','2023-04-19 13:35:53','2023-04-19 05:35:53',NULL),
(14,22,'AktaPendirianPerusahaan','/storage/Perusahaan/22/AktaPendirian.pdf','disetujui','2023-04-19','2023-04-19 13:35:53','2023-04-19 05:35:53',NULL),
(15,23,'TandaDaftarPerusahaan','/storage/Perusahaan/23/TandaDaftar.pdf','disetujui','2023-04-19','2023-04-19 13:36:18','2023-04-19 05:36:18',NULL),
(16,23,'AktaPendirianPerusahaan','/storage/Perusahaan/23/AktaPendirian.pdf','disetujui','2023-04-19','2023-04-19 13:36:18','2023-04-19 05:36:18',NULL),
(17,24,'TandaDaftarPerusahaan','/storage/Perusahaan/24/TandaDaftar.pdf','disetujui','2023-04-19','2023-04-19 13:36:51','2023-04-19 05:36:51',NULL),
(18,24,'AktaPendirianPerusahaan','/storage/Perusahaan/24/AktaPendirian.pdf','disetujui','2023-04-19','2023-04-19 13:36:51','2023-04-19 05:36:51',NULL),
(19,25,'TandaDaftarPerusahaan','/storage/Perusahaan/25/TandaDaftar.pdf','disetujui','2023-04-19','2023-04-19 19:42:25','2023-04-19 11:42:25',NULL),
(20,25,'AktaPendirianPerusahaan','/storage/Perusahaan/25/AktaPendirian.pdf','disetujui','2023-04-19','2023-04-19 19:42:25','2023-04-19 11:42:25',NULL);

/*Table structure for table `tb_laporan_kondisi` */

DROP TABLE IF EXISTS `tb_laporan_kondisi`;

CREATE TABLE `tb_laporan_kondisi` (
  `id` int(11) NOT NULL AUTO_INCREMENT,
  `id_perusahaan` int(11) DEFAULT NULL,
  `id_menara` int(11) DEFAULT NULL,
  `id_tim_lapangan` int(11) DEFAULT NULL,
  `tanggal_laporan` date DEFAULT NULL,
  `foto` varbinary(255) DEFAULT NULL,
  `laporan` varchar(255) DEFAULT NULL,
  `created_at` timestamp NOT NULL DEFAULT current_timestamp() ON UPDATE current_timestamp(),
  `updated_at` timestamp NULL DEFAULT NULL,
  `deleted_at` timestamp NULL DEFAULT NULL,
  PRIMARY KEY (`id`),
  KEY `id_tim_lapangan` (`id_tim_lapangan`),
  KEY `id_menara` (`id_menara`),
  KEY `id_perusahaan` (`id_perusahaan`),
  CONSTRAINT `tb_laporan_kondisi_ibfk_1` FOREIGN KEY (`id_tim_lapangan`) REFERENCES `tb_tim_lapangan` (`id`),
  CONSTRAINT `tb_laporan_kondisi_ibfk_2` FOREIGN KEY (`id_menara`) REFERENCES `tb_menara` (`id`),
  CONSTRAINT `tb_laporan_kondisi_ibfk_3` FOREIGN KEY (`id_perusahaan`) REFERENCES `tb_perusahaan` (`id`)
) ENGINE=InnoDB AUTO_INCREMENT=10 DEFAULT CHARSET=latin1 COLLATE=latin1_swedish_ci;

/*Data for the table `tb_laporan_kondisi` */

insert  into `tb_laporan_kondisi`(`id`,`id_perusahaan`,`id_menara`,`id_tim_lapangan`,`tanggal_laporan`,`foto`,`laporan`,`created_at`,`updated_at`,`deleted_at`) values 
(1,16,12,4,'2023-01-26','/storage/LaporanKondisi/12/2023-1-26/GambarPemohon.jpg','test','2023-02-26 13:59:06','2023-02-26 04:59:06',NULL),
(2,17,15,4,'2023-01-26','/storage/LaporanKondisi/15/2023-1-26/DokumenKondisi_2023-1-26.jpeg','test','2023-02-26 13:59:08','2023-02-26 05:00:35',NULL),
(3,17,15,4,'2023-01-27','/storage/LaporanKondisi/15/2023-1-27/DokumenKondisi_2023-1-27.jpeg','test','2023-02-26 13:59:09','2023-02-27 05:04:40',NULL),
(4,17,16,4,'2023-01-26','/storage/LaporanKondisi/16/2023-1-26/DokumenKondisi_2023-1-26.jpg','test','2023-02-26 13:59:12','2023-02-26 05:07:18',NULL),
(5,16,12,4,'2023-02-14','/storage/LaporanKondisi/12/2023-02-14/DokumenKondisi_2023-02-14.jpg','Menara dalam kondisi baik','2023-03-13 16:58:47','2023-03-13 16:58:47',NULL),
(6,19,27,4,'2023-04-11','/storage/LaporanKondisi/27/2023-04-11/DokumenKondisi_2023-04-11.jpg','Menara dalam kondisi baik','2023-05-11 15:23:57','2023-05-11 15:23:57',NULL),
(7,18,19,4,'2023-04-11','/storage/LaporanKondisi/19/2023-04-11/DokumenKondisi_2023-04-11.jpeg','Menara dan lingkungan dalam kondisi baik','2023-05-11 15:24:26','2023-05-11 15:24:26',NULL),
(8,23,41,4,'2023-04-11','/storage/LaporanKondisi/41/2023-04-11/DokumenKondisi_2023-04-11.jpg','Menara kondisi baik, namun lingkungan menara dalam keadaan kotor','2023-05-11 15:25:21','2023-05-11 15:25:21',NULL),
(9,17,15,4,'2023-04-12','/storage/LaporanKondisi/15/2023-04-12/DokumenKondisi_2023-04-12.jpeg','Menara dalam kondisi baik','2023-05-12 03:21:44','2023-05-12 03:21:44',NULL);

/*Table structure for table `tb_m_dasarhukum` */

DROP TABLE IF EXISTS `tb_m_dasarhukum`;

CREATE TABLE `tb_m_dasarhukum` (
  `id` int(11) NOT NULL AUTO_INCREMENT,
  `nama` varchar(255) DEFAULT NULL,
  `no_DasarHukum` varchar(255) DEFAULT NULL,
  `file_DasarHukum` varchar(255) DEFAULT NULL,
  `tanggal` date DEFAULT NULL,
  `created_at` timestamp NOT NULL DEFAULT current_timestamp() ON UPDATE current_timestamp(),
  `updated_at` timestamp NULL DEFAULT NULL,
  `deleted_at` timestamp NULL DEFAULT NULL,
  PRIMARY KEY (`id`)
) ENGINE=InnoDB AUTO_INCREMENT=6 DEFAULT CHARSET=latin1 COLLATE=latin1_swedish_ci;

/*Data for the table `tb_m_dasarhukum` */

insert  into `tb_m_dasarhukum`(`id`,`nama`,`no_DasarHukum`,`file_DasarHukum`,`tanggal`,`created_at`,`updated_at`,`deleted_at`) values 
(1,'PENETAPAN ZONA LOKASI MENARA TELEKOMUNIKASI','101/ HK/ 2019','/storage/DasarHukum/PENETAPAN ZONA LOKASI MENARA TELEKOMUNIKASI.pdf','2023-01-08','2023-01-08 08:41:08','2023-01-08 08:41:08',NULL),
(2,'PERUBAHAN ATAS KEPUTUSAN BUPATI NOMOR 362/HK/2018 TENTANG PENETAPAN PERUNTUKAN DAN KETINGGIAN MENARA TELEKOMUNIKASI','109/ HK/ 2019','/storage/DasarHukum/PERUBAHAN ATAS KEPUTUSAN BUPATI NOMOR 362/HK/2018 TENTANG PENETAPAN PERUNTUKAN DAN KETINGGIAN MENARA TELEKOMUNIKASI.pdf','2023-01-08','2023-01-08 08:41:49','2023-01-08 08:41:49',NULL),
(3,'PEDOMAN PEMBANGUNAN DAN PENGGUNAAN BERSAMA MENARA TELEKOMUNIKASI','18 Tahun 2009, 07/PRTM/2009, 19/PER/M.KOMINFO/03/2','/storage/DasarHukum/PEDOMAN PEMBANGUNAN DAN PENGGUNAAN BERSAMA MENARA TELEKOMUNIKASI.pdf','2023-01-08','2023-01-08 08:42:42','2023-01-08 08:42:42',NULL),
(4,'PENGENDALIAN MENARA TELEKOMUNIKASI','No 6 Tahun 2019','/storage/DasarHukum/PENGENDALIAN MENARA TELEKOMUNIKASI.pdf','2023-02-11','2023-02-11 22:58:08','2023-02-11 14:58:08',NULL);

/*Table structure for table `tb_m_desa` */

DROP TABLE IF EXISTS `tb_m_desa`;

CREATE TABLE `tb_m_desa` (
  `id` int(11) NOT NULL AUTO_INCREMENT,
  `id_kecamatan` int(11) DEFAULT NULL,
  `nama` varchar(255) DEFAULT NULL,
  `created_at` timestamp NOT NULL DEFAULT current_timestamp() ON UPDATE current_timestamp(),
  `updated_at` timestamp NULL DEFAULT NULL,
  `deleted_at` timestamp NULL DEFAULT NULL,
  PRIMARY KEY (`id`),
  KEY `id_kecamatan` (`id_kecamatan`),
  CONSTRAINT `tb_m_desa_ibfk_1` FOREIGN KEY (`id_kecamatan`) REFERENCES `tb_m_kecamatan` (`id`)
) ENGINE=InnoDB AUTO_INCREMENT=738 DEFAULT CHARSET=latin1 COLLATE=latin1_swedish_ci;

/*Data for the table `tb_m_desa` */

insert  into `tb_m_desa`(`id`,`id_kecamatan`,`nama`,`created_at`,`updated_at`,`deleted_at`) values 
(1,101,'Cupel','2022-12-16 17:33:31',NULL,NULL),
(2,101,'Baluk','2022-12-16 17:33:31',NULL,NULL),
(3,101,'Banyu Biru','2022-12-16 17:33:31',NULL,NULL),
(4,101,'Kaliakah','2022-12-16 17:33:31',NULL,NULL),
(5,101,'Berangbang','2022-12-16 17:33:31',NULL,NULL),
(6,101,'Baler Bale Agung','2022-12-16 17:33:31',NULL,NULL),
(7,101,'Pendem','2022-12-16 17:33:31',NULL,NULL),
(8,101,'Banjar Tengah','2022-12-16 17:33:31',NULL,NULL),
(9,101,'Tegal Badeng Timur','2022-12-16 17:33:31',NULL,NULL),
(10,101,'Tegal Badeng Barat','2022-12-16 17:33:31',NULL,NULL),
(11,101,'Pengambengan','2022-12-16 17:33:31',NULL,NULL),
(12,101,'Perancak','2022-12-16 17:33:31',NULL,NULL),
(13,101,'Lelateng','2022-12-16 17:33:31',NULL,NULL),
(14,101,'Loloan Barat','2022-12-16 17:33:31',NULL,NULL),
(15,101,'Loloan Timur','2022-12-16 17:33:31',NULL,NULL),
(16,101,'Batu Agung','2022-12-16 17:33:31',NULL,NULL),
(17,101,'Dauhwaru','2022-12-16 17:33:31',NULL,NULL),
(18,101,'Budeng','2022-12-16 17:33:31',NULL,NULL),
(19,101,'Air Kuning','2022-12-16 17:33:31',NULL,NULL),
(20,101,'Yehkuning','2022-12-16 17:33:31',NULL,NULL),
(21,101,'Sangkaragung','2022-12-16 17:33:31',NULL,NULL),
(22,101,'Dangin Tukadaya','2022-12-16 17:33:31',NULL,NULL),
(23,102,'Mendoyo Dauh Tukad','2022-12-16 17:33:31',NULL,NULL),
(24,102,'Pohsanten','2022-12-16 17:33:31',NULL,NULL),
(25,102,'Mendoyo Dangin Tukad','2022-12-16 17:33:31',NULL,NULL),
(26,102,'Pergung','2022-12-16 17:33:31',NULL,NULL),
(27,102,'Delodberawah','2022-12-16 17:33:31',NULL,NULL),
(28,102,'Tegalcangkring','2022-12-16 17:33:31',NULL,NULL),
(29,102,'Penyaringan','2022-12-16 17:33:31',NULL,NULL),
(30,102,'Yehembang','2022-12-16 17:33:31',NULL,NULL),
(31,102,'Yeh Sumbul','2022-12-16 17:33:31',NULL,NULL),
(32,102,'Yehembang  Kauh','2022-12-16 17:33:31',NULL,NULL),
(33,102,'Yehembang  Kangin','2022-12-16 17:33:31',NULL,NULL),
(34,103,'Medewi','2022-12-16 17:33:31',NULL,NULL),
(35,103,'Pulukan','2022-12-16 17:33:31',NULL,NULL),
(36,103,'Asahduren','2022-12-16 17:33:31',NULL,NULL),
(37,103,'Pekutatan','2022-12-16 17:33:31',NULL,NULL),
(38,103,'Pangyangan','2022-12-16 17:33:31',NULL,NULL),
(39,103,'Gumbrih','2022-12-16 17:33:31',NULL,NULL),
(40,103,'Manggissari','2022-12-16 17:33:31',NULL,NULL),
(41,103,'Pengragoan','2022-12-16 17:33:31',NULL,NULL),
(42,104,'Gilimanuk','2022-12-16 17:33:31',NULL,NULL),
(43,104,'Melaya','2022-12-16 17:33:31',NULL,NULL),
(44,104,'Belimbingsari','2022-12-16 17:33:31',NULL,NULL),
(45,104,'Ekasari','2022-12-16 17:33:31',NULL,NULL),
(46,104,'Nusasari','2022-12-16 17:33:31',NULL,NULL),
(47,104,'Warnasari','2022-12-16 17:33:31',NULL,NULL),
(48,104,'Candikusuma','2022-12-16 17:33:31',NULL,NULL),
(49,104,'Tuwed','2022-12-16 17:33:31',NULL,NULL),
(50,104,'Tukadaya','2022-12-16 17:33:31',NULL,NULL),
(51,104,'Manistutu','2022-12-16 17:33:31',NULL,NULL),
(52,105,'Pendem','2022-12-16 17:33:31',NULL,NULL),
(53,105,'Perancak','2022-12-16 17:33:31',NULL,NULL),
(54,105,'Loloan Timur','2022-12-16 17:33:31',NULL,NULL),
(55,105,'Batu Agung','2022-12-16 17:33:31',NULL,NULL),
(56,105,'Dauhwaru','2022-12-16 17:33:31',NULL,NULL),
(57,105,'Budeng','2022-12-16 17:33:31',NULL,NULL),
(58,105,'Air Kuning','2022-12-16 17:33:31',NULL,NULL),
(59,105,'Yehkuning','2022-12-16 17:33:31',NULL,NULL),
(60,105,'Sangkaragung','2022-12-16 17:33:31',NULL,NULL),
(61,105,'Dangin Tukad Aya','2022-12-16 17:33:31',NULL,NULL),
(62,201,'Bajera','2022-12-16 17:33:31',NULL,NULL),
(63,201,'Wanagiri','2022-12-16 17:33:31',NULL,NULL),
(64,201,'Pupuan Sawah','2022-12-16 17:33:31',NULL,NULL),
(65,201,'Berembeng','2022-12-16 17:33:31',NULL,NULL),
(66,201,'Selemadeg','2022-12-16 17:33:31',NULL,NULL),
(67,201,'Sarampingan','2022-12-16 17:33:31',NULL,NULL),
(68,201,'Antap','2022-12-16 17:33:31',NULL,NULL),
(69,201,'Wanagiri Kauh','2022-12-16 17:33:31',NULL,NULL),
(70,201,'Manikyang','2022-12-16 17:33:31',NULL,NULL),
(71,201,'Bajera Utara','2022-12-16 17:33:31',NULL,NULL),
(72,202,'Gunung Salak','2022-12-16 17:33:31',NULL,NULL),
(73,202,'Gadungan','2022-12-16 17:33:31',NULL,NULL),
(74,202,'Bantas','2022-12-16 17:33:31',NULL,NULL),
(75,202,'Mambang','2022-12-16 17:33:31',NULL,NULL),
(76,202,'Megati','2022-12-16 17:33:31',NULL,NULL),
(77,202,'Tangguntiti','2022-12-16 17:33:31',NULL,NULL),
(78,202,'Beraban','2022-12-16 17:33:31',NULL,NULL),
(79,202,'Tegal Mengkeb','2022-12-16 17:33:31',NULL,NULL),
(80,202,'Dalang','2022-12-16 17:33:31',NULL,NULL),
(81,202,'Gadungsari','2022-12-16 17:33:31',NULL,NULL),
(82,203,'Mundeh','2022-12-16 17:33:31',NULL,NULL),
(83,203,'Mundeh Kangin','2022-12-16 17:33:31',NULL,NULL),
(84,203,'Lalanglinggah','2022-12-16 17:33:31',NULL,NULL),
(85,203,'Antosari','2022-12-16 17:33:31',NULL,NULL),
(86,203,'Lumbung','2022-12-16 17:33:31',NULL,NULL),
(87,203,'Lumbung Kauh','2022-12-16 17:33:31',NULL,NULL),
(88,203,'Tiing Gading','2022-12-16 17:33:31',NULL,NULL),
(89,203,'Mundeh Kauh','2022-12-16 17:33:31',NULL,NULL),
(90,203,'Angkah','2022-12-16 17:33:31',NULL,NULL),
(91,203,'Selabih','2022-12-16 17:33:31',NULL,NULL),
(92,203,'Bengkel Sari','2022-12-16 17:33:31',NULL,NULL),
(93,204,'Tibubiu','2022-12-16 17:33:31',NULL,NULL),
(94,204,'Kelating','2022-12-16 17:33:31',NULL,NULL),
(95,204,'Penarukan','2022-12-16 17:33:31',NULL,NULL),
(96,204,'Belumbang','2022-12-16 17:33:31',NULL,NULL),
(97,204,'Tista','2022-12-16 17:33:31',NULL,NULL),
(98,204,'Kerambitan','2022-12-16 17:33:31',NULL,NULL),
(99,204,'Pangkung Karung','2022-12-16 17:33:31',NULL,NULL),
(100,204,'Samsam','2022-12-16 17:33:31',NULL,NULL),
(101,204,'Kukuh','2022-12-16 17:33:31',NULL,NULL),
(102,204,'Baturiti','2022-12-16 17:33:31',NULL,NULL),
(103,204,'Meliling','2022-12-16 17:33:31',NULL,NULL),
(104,204,'Sembung Gede','2022-12-16 17:33:31',NULL,NULL),
(105,204,'Batuaji','2022-12-16 17:33:31',NULL,NULL),
(106,204,'Kesiut','2022-12-16 17:33:31',NULL,NULL),
(107,204,'Timpag','2022-12-16 17:33:31',NULL,NULL),
(108,205,'Sudimara','2022-12-16 17:33:31',NULL,NULL),
(109,205,'Gubug','2022-12-16 17:33:31',NULL,NULL),
(110,205,'Bongan','2022-12-16 17:33:31',NULL,NULL),
(111,205,'Delod Peken','2022-12-16 17:33:31',NULL,NULL),
(112,205,'Dauh Peken','2022-12-16 17:33:31',NULL,NULL),
(113,205,'Dajan Peken','2022-12-16 17:33:31',NULL,NULL),
(114,205,'Denbantas','2022-12-16 17:33:31',NULL,NULL),
(115,205,'Subamia','2022-12-16 17:33:31',NULL,NULL),
(116,205,'Wanasari','2022-12-16 17:33:31',NULL,NULL),
(117,205,'Tunjuk','2022-12-16 17:33:31',NULL,NULL),
(118,205,'Buahan','2022-12-16 17:33:31',NULL,NULL),
(119,205,'Sesandan','2022-12-16 17:33:31',NULL,NULL),
(120,206,'Bengkel','2022-12-16 17:33:31',NULL,NULL),
(121,206,'Pangkung Tibah','2022-12-16 17:33:31',NULL,NULL),
(122,206,'Belalang','2022-12-16 17:33:31',NULL,NULL),
(123,206,'Beraban','2022-12-16 17:33:31',NULL,NULL),
(124,206,'Buwit','2022-12-16 17:33:31',NULL,NULL),
(125,206,'Cepaka','2022-12-16 17:33:31',NULL,NULL),
(126,206,'Kaba-kaba','2022-12-16 17:33:31',NULL,NULL),
(127,206,'Nyambu','2022-12-16 17:33:31',NULL,NULL),
(128,206,'Pandak Bandung','2022-12-16 17:33:31',NULL,NULL),
(129,206,'Pandak Gede','2022-12-16 17:33:31',NULL,NULL),
(130,206,'Nyitdah','2022-12-16 17:33:31',NULL,NULL),
(131,206,'Pejaten','2022-12-16 17:33:31',NULL,NULL),
(132,206,'Kediri','2022-12-16 17:33:31',NULL,NULL),
(133,206,'Abian Tuwung','2022-12-16 17:33:31',NULL,NULL),
(134,206,'Banjar Anyar','2022-12-16 17:33:31',NULL,NULL),
(135,207,'Kukuh','2022-12-16 17:33:31',NULL,NULL),
(136,207,'Beringkit','2022-12-16 17:33:31',NULL,NULL),
(137,207,'Peken','2022-12-16 17:33:31',NULL,NULL),
(138,207,'Batannyuh','2022-12-16 17:33:31',NULL,NULL),
(139,207,'Tegaljadi','2022-12-16 17:33:31',NULL,NULL),
(140,207,'Kuwum','2022-12-16 17:33:31',NULL,NULL),
(141,207,'Selanbawak','2022-12-16 17:33:31',NULL,NULL),
(142,207,'Marga','2022-12-16 17:33:31',NULL,NULL),
(143,207,'Petiga','2022-12-16 17:33:31',NULL,NULL),
(144,207,'Cau Belayu','2022-12-16 17:33:31',NULL,NULL),
(145,207,'Tua','2022-12-16 17:33:31',NULL,NULL),
(146,207,'Payangan','2022-12-16 17:33:31',NULL,NULL),
(147,207,'Marga Dajan Puri','2022-12-16 17:33:31',NULL,NULL),
(148,207,'Marga Dauh Puri','2022-12-16 17:33:31',NULL,NULL),
(149,207,'Geluntung','2022-12-16 17:33:31',NULL,NULL),
(150,207,'Baru','2022-12-16 17:33:31',NULL,NULL),
(151,208,'Rejasa','2022-12-16 17:33:31',NULL,NULL),
(152,208,'Jegu','2022-12-16 17:33:31',NULL,NULL),
(153,208,'Riang Gede','2022-12-16 17:33:31',NULL,NULL),
(154,208,'Buruan','2022-12-16 17:33:31',NULL,NULL),
(155,208,'Biaung','2022-12-16 17:33:31',NULL,NULL),
(156,208,'Pitra','2022-12-16 17:33:31',NULL,NULL),
(157,208,'Penatahan','2022-12-16 17:33:31',NULL,NULL),
(158,208,'Tengkudak','2022-12-16 17:33:31',NULL,NULL),
(159,208,'Mengesta','2022-12-16 17:33:31',NULL,NULL),
(160,208,'Penebel','2022-12-16 17:33:31',NULL,NULL),
(161,208,'Babakan','2022-12-16 17:33:31',NULL,NULL),
(162,208,'Senganan','2022-12-16 17:33:31',NULL,NULL),
(163,208,'Jatiluwih','2022-12-16 17:33:31',NULL,NULL),
(164,208,'Wongaya Gede','2022-12-16 17:33:31',NULL,NULL),
(165,208,'Tajen','2022-12-16 17:33:31',NULL,NULL),
(166,208,'Tegallinggah','2022-12-16 17:33:31',NULL,NULL),
(167,208,'Pesagi','2022-12-16 17:33:31',NULL,NULL),
(168,208,'Sangketan','2022-12-16 17:33:31',NULL,NULL),
(169,209,'Perean','2022-12-16 17:33:31',NULL,NULL),
(170,209,'Luwus','2022-12-16 17:33:31',NULL,NULL),
(171,209,'Apuan','2022-12-16 17:33:31',NULL,NULL),
(172,209,'Angseri','2022-12-16 17:33:31',NULL,NULL),
(173,209,'Bangli','2022-12-16 17:33:31',NULL,NULL),
(174,209,'Baturiti','2022-12-16 17:33:31',NULL,NULL),
(175,209,'Antapan','2022-12-16 17:33:31',NULL,NULL),
(176,209,'Candikuning','2022-12-16 17:33:31',NULL,NULL),
(177,209,'Mekarsari','2022-12-16 17:33:31',NULL,NULL),
(178,209,'Batunya','2022-12-16 17:33:31',NULL,NULL),
(179,209,'Perean Tengah','2022-12-16 17:33:31',NULL,NULL),
(180,209,'Perean Kangin','2022-12-16 17:33:31',NULL,NULL),
(181,210,'Belimbing','2022-12-16 17:33:31',NULL,NULL),
(182,210,'Sanda','2022-12-16 17:33:31',NULL,NULL),
(183,210,'Batungsel','2022-12-16 17:33:31',NULL,NULL),
(184,210,'Kebon Padangan','2022-12-16 17:33:31',NULL,NULL),
(185,210,'Munduk Temu','2022-12-16 17:33:31',NULL,NULL),
(186,210,'Pujungan','2022-12-16 17:33:31',NULL,NULL),
(187,210,'Pupuan','2022-12-16 17:33:31',NULL,NULL),
(188,210,'Bantiran','2022-12-16 17:33:31',NULL,NULL),
(189,210,'Padangan','2022-12-16 17:33:31',NULL,NULL),
(190,210,'Jelijih Punggung','2022-12-16 17:33:31',NULL,NULL),
(191,210,'Belatungan','2022-12-16 17:33:31',NULL,NULL),
(192,210,'Pajahan','2022-12-16 17:33:31',NULL,NULL),
(193,210,'Karyasari','2022-12-16 17:33:31',NULL,NULL),
(194,210,'Sai','2022-12-16 17:33:31',NULL,NULL),
(195,301,'Tuban','2022-12-16 17:33:31',NULL,NULL),
(196,301,'Kuta','2022-12-16 17:33:31',NULL,NULL),
(197,301,'Kedonganan','2022-12-16 17:33:31',NULL,NULL),
(198,301,'Legian','2022-12-16 17:33:31',NULL,NULL),
(199,301,'Seminyak','2022-12-16 17:33:31',NULL,NULL),
(200,302,'Munggu','2022-12-16 17:33:31',NULL,NULL),
(201,302,'Buduk','2022-12-16 17:33:31',NULL,NULL),
(202,302,'Mengwitani','2022-12-16 17:33:31',NULL,NULL),
(203,302,'Kapal','2022-12-16 17:33:31',NULL,NULL),
(204,302,'Sempidi','2022-12-16 17:33:31',NULL,NULL),
(205,302,'Penarungan','2022-12-16 17:33:31',NULL,NULL),
(206,302,'Sembung','2022-12-16 17:33:31',NULL,NULL),
(207,302,'Baha','2022-12-16 17:33:31',NULL,NULL),
(208,302,'Mengwi','2022-12-16 17:33:31',NULL,NULL),
(209,302,'Kekeran','2022-12-16 17:33:31',NULL,NULL),
(210,302,'Sobangan','2022-12-16 17:33:31',NULL,NULL),
(211,302,'Gulingan','2022-12-16 17:33:31',NULL,NULL),
(212,302,'Werdi Bhuwana','2022-12-16 17:33:31',NULL,NULL),
(213,302,'Abianbase','2022-12-16 17:33:31',NULL,NULL),
(214,302,'Sading','2022-12-16 17:33:31',NULL,NULL),
(215,302,'Lukluk','2022-12-16 17:33:31',NULL,NULL),
(216,302,'Cemagi','2022-12-16 17:33:31',NULL,NULL),
(217,302,'Pererenan','2022-12-16 17:33:31',NULL,NULL),
(218,302,'Tumbakbayuh','2022-12-16 17:33:31',NULL,NULL),
(219,302,'Kuwum','2022-12-16 17:33:31',NULL,NULL),
(220,303,'Darmasaba','2022-12-16 17:33:31',NULL,NULL),
(221,303,'Sibang Kaja','2022-12-16 17:33:31',NULL,NULL),
(222,303,'Sibang Gede','2022-12-16 17:33:31',NULL,NULL),
(223,303,'Jagapati','2022-12-16 17:33:31',NULL,NULL),
(224,303,'Angantaka','2022-12-16 17:33:31',NULL,NULL),
(225,303,'Sedang','2022-12-16 17:33:31',NULL,NULL),
(226,303,'Mambal','2022-12-16 17:33:31',NULL,NULL),
(227,303,'Abiansemal','2022-12-16 17:33:31',NULL,NULL),
(228,303,'Bongkasa','2022-12-16 17:33:31',NULL,NULL),
(229,303,'Taman','2022-12-16 17:33:31',NULL,NULL),
(230,303,'Blahkiuh','2022-12-16 17:33:31',NULL,NULL),
(231,303,'Ayunan','2022-12-16 17:33:31',NULL,NULL),
(232,303,'Sangeh','2022-12-16 17:33:31',NULL,NULL),
(233,303,'Punggul','2022-12-16 17:33:31',NULL,NULL),
(234,303,'Mekar Bhuwana','2022-12-16 17:33:31',NULL,NULL),
(235,303,'Dauh Yeh Cani','2022-12-16 17:33:31',NULL,NULL),
(236,303,'Selat','2022-12-16 17:33:31',NULL,NULL),
(237,303,'Bongkasa Pertiwi','2022-12-16 17:33:31',NULL,NULL),
(238,304,'Carangsari','2022-12-16 17:33:31',NULL,NULL),
(239,304,'Petang','2022-12-16 17:33:31',NULL,NULL),
(240,304,'Belok Sidan','2022-12-16 17:33:31',NULL,NULL),
(241,304,'Pelaga','2022-12-16 17:33:31',NULL,NULL),
(242,304,'Getasan','2022-12-16 17:33:31',NULL,NULL),
(243,304,'Pangsan','2022-12-16 17:33:31',NULL,NULL),
(244,304,'Sulangai','2022-12-16 17:33:31',NULL,NULL),
(245,305,'Pecatu','2022-12-16 17:33:31',NULL,NULL),
(246,305,'Ungasan','2022-12-16 17:33:31',NULL,NULL),
(247,305,'Kutuh','2022-12-16 17:33:31',NULL,NULL),
(248,305,'Benoa','2022-12-16 17:33:31',NULL,NULL),
(249,305,'Tanjung Benoa','2022-12-16 17:33:31',NULL,NULL),
(250,305,'Jimbaran','2022-12-16 17:33:31',NULL,NULL),
(251,306,'Kerobokan Kelod','2022-12-16 17:33:31',NULL,NULL),
(252,306,'Kerobokan','2022-12-16 17:33:31',NULL,NULL),
(253,306,'Kerobokan Kaja','2022-12-16 17:33:31',NULL,NULL),
(254,306,'Tibubeneng','2022-12-16 17:33:31',NULL,NULL),
(255,306,'Canggu','2022-12-16 17:33:31',NULL,NULL),
(256,306,'Dalung','2022-12-16 17:33:31',NULL,NULL),
(257,401,'Batubulan','2022-12-16 17:33:31',NULL,NULL),
(258,401,'Ketewel','2022-12-16 17:33:31',NULL,NULL),
(259,401,'Guwang','2022-12-16 17:33:31',NULL,NULL),
(260,401,'Sukawati','2022-12-16 17:33:31',NULL,NULL),
(261,401,'Celuk','2022-12-16 17:33:31',NULL,NULL),
(262,401,'Singapadu','2022-12-16 17:33:31',NULL,NULL),
(263,401,'Batuan','2022-12-16 17:33:31',NULL,NULL),
(264,401,'Kemenuh','2022-12-16 17:33:31',NULL,NULL),
(265,401,'Batubulan Kangin','2022-12-16 17:33:31',NULL,NULL),
(266,401,'Singapadu Tengah','2022-12-16 17:33:31',NULL,NULL),
(267,401,'Singapadu Kaler','2022-12-16 17:33:31',NULL,NULL),
(268,401,'Batuan Kaler','2022-12-16 17:33:31',NULL,NULL),
(269,402,'Saba','2022-12-16 17:33:31',NULL,NULL),
(270,402,'Pering','2022-12-16 17:33:31',NULL,NULL),
(271,402,'Keramas','2022-12-16 17:33:31',NULL,NULL),
(272,402,'Belega','2022-12-16 17:33:31',NULL,NULL),
(273,402,'Blahbatuh','2022-12-16 17:33:31',NULL,NULL),
(274,402,'Buruan','2022-12-16 17:33:31',NULL,NULL),
(275,402,'Bedulu','2022-12-16 17:33:31',NULL,NULL),
(276,402,'Medahan','2022-12-16 17:33:31',NULL,NULL),
(277,402,'Bona','2022-12-16 17:33:31',NULL,NULL),
(278,403,'Tulikup','2022-12-16 17:33:31',NULL,NULL),
(279,403,'Sidan','2022-12-16 17:33:31',NULL,NULL),
(280,403,'Samplangan','2022-12-16 17:33:31',NULL,NULL),
(281,403,'Lebih','2022-12-16 17:33:31',NULL,NULL),
(282,403,'Abianbase','2022-12-16 17:33:31',NULL,NULL),
(283,403,'Gianyar','2022-12-16 17:33:31',NULL,NULL),
(284,403,'Bitera','2022-12-16 17:33:31',NULL,NULL),
(285,403,'Beng','2022-12-16 17:33:31',NULL,NULL),
(286,403,'Bakbakan','2022-12-16 17:33:31',NULL,NULL),
(287,403,'Siangan','2022-12-16 17:33:31',NULL,NULL),
(288,403,'Suwat','2022-12-16 17:33:31',NULL,NULL),
(289,403,'Petak','2022-12-16 17:33:31',NULL,NULL),
(290,403,'Serongga','2022-12-16 17:33:31',NULL,NULL),
(291,403,'Petak Kaja','2022-12-16 17:33:31',NULL,NULL),
(292,403,'Temesi','2022-12-16 17:33:31',NULL,NULL),
(293,403,'Sumita','2022-12-16 17:33:31',NULL,NULL),
(294,403,'Tegal Tugu','2022-12-16 17:33:31',NULL,NULL),
(295,404,'Pejeng','2022-12-16 17:33:31',NULL,NULL),
(296,404,'Sanding','2022-12-16 17:33:31',NULL,NULL),
(297,404,'Tampaksiring','2022-12-16 17:33:31',NULL,NULL),
(298,404,'Manukaya','2022-12-16 17:33:31',NULL,NULL),
(299,404,'Pejeng Kawan','2022-12-16 17:33:31',NULL,NULL),
(300,404,'Pejeng Kaja','2022-12-16 17:33:31',NULL,NULL),
(301,404,'Pejeng Kangin','2022-12-16 17:33:31',NULL,NULL),
(302,404,'Pejeng Kelod','2022-12-16 17:33:31',NULL,NULL),
(303,405,'Lodtunduh','2022-12-16 17:33:31',NULL,NULL),
(304,405,'Mas','2022-12-16 17:33:31',NULL,NULL),
(305,405,'Singakerta','2022-12-16 17:33:31',NULL,NULL),
(306,405,'Kedewatan','2022-12-16 17:33:31',NULL,NULL),
(307,405,'Ubud','2022-12-16 17:33:31',NULL,NULL),
(308,405,'Peliatan','2022-12-16 17:33:31',NULL,NULL),
(309,405,'Petulu','2022-12-16 17:33:31',NULL,NULL),
(310,405,'Sayan','2022-12-16 17:33:31',NULL,NULL),
(311,406,'Keliki','2022-12-16 17:33:31',NULL,NULL),
(312,406,'Tegallalang','2022-12-16 17:33:31',NULL,NULL),
(313,406,'Kenderan','2022-12-16 17:33:31',NULL,NULL),
(314,406,'Kedisan','2022-12-16 17:33:31',NULL,NULL),
(315,406,'Pupuan','2022-12-16 17:33:31',NULL,NULL),
(316,406,'Sebatu','2022-12-16 17:33:31',NULL,NULL),
(317,406,'Taro','2022-12-16 17:33:31',NULL,NULL),
(318,407,'Melinggih','2022-12-16 17:33:31',NULL,NULL),
(319,407,'Kelusa','2022-12-16 17:33:31',NULL,NULL),
(320,407,'Bukian','2022-12-16 17:33:31',NULL,NULL),
(321,407,'Puhu','2022-12-16 17:33:31',NULL,NULL),
(322,407,'Buahan','2022-12-16 17:33:31',NULL,NULL),
(323,407,'Kerta','2022-12-16 17:33:31',NULL,NULL),
(324,407,'Melinggih Kelod','2022-12-16 17:33:31',NULL,NULL),
(325,407,'Buahan Kaja','2022-12-16 17:33:31',NULL,NULL),
(326,407,'Bresela','2022-12-16 17:33:31',NULL,NULL),
(327,501,'Sakti','2022-12-16 17:33:31',NULL,NULL),
(328,501,'Batumadeg','2022-12-16 17:33:31',NULL,NULL),
(329,501,'Klumpu','2022-12-16 17:33:31',NULL,NULL),
(330,501,'Batukandik','2022-12-16 17:33:31',NULL,NULL),
(331,501,'Sekartaji','2022-12-16 17:33:31',NULL,NULL),
(332,501,'Tanglad','2022-12-16 17:33:31',NULL,NULL),
(333,501,'Suana','2022-12-16 17:33:31',NULL,NULL),
(334,501,'Batununggul','2022-12-16 17:33:31',NULL,NULL),
(335,501,'Kutampi','2022-12-16 17:33:31',NULL,NULL),
(336,501,'Ped','2022-12-16 17:33:31',NULL,NULL),
(337,501,'Kampung Toyapakeh','2022-12-16 17:33:31',NULL,NULL),
(338,501,'Lembongan','2022-12-16 17:33:31',NULL,NULL),
(339,501,'Jungutbatu','2022-12-16 17:33:31',NULL,NULL),
(340,501,'Pejukutan','2022-12-16 17:33:31',NULL,NULL),
(341,501,'Kutampi Kaler','2022-12-16 17:33:31',NULL,NULL),
(342,501,'Bunga Mekar','2022-12-16 17:33:31',NULL,NULL),
(343,502,'Negari','2022-12-16 17:33:31',NULL,NULL),
(344,502,'Takmung','2022-12-16 17:33:31',NULL,NULL),
(345,502,'Banjarangkan','2022-12-16 17:33:31',NULL,NULL),
(346,502,'Tusan','2022-12-16 17:33:31',NULL,NULL),
(347,502,'Bakas','2022-12-16 17:33:31',NULL,NULL),
(348,502,'Getakan','2022-12-16 17:33:31',NULL,NULL),
(349,502,'Tihingan','2022-12-16 17:33:31',NULL,NULL),
(350,502,'Aan','2022-12-16 17:33:31',NULL,NULL),
(351,502,'Nyalian','2022-12-16 17:33:31',NULL,NULL),
(352,502,'Bungbungan','2022-12-16 17:33:31',NULL,NULL),
(353,502,'Timuhun','2022-12-16 17:33:31',NULL,NULL),
(354,502,'Nyanglan','2022-12-16 17:33:31',NULL,NULL),
(355,502,'Tohpati','2022-12-16 17:33:31',NULL,NULL),
(356,503,'Satra','2022-12-16 17:33:31',NULL,NULL),
(357,503,'Tojan','2022-12-16 17:33:31',NULL,NULL),
(358,503,'Gelgel','2022-12-16 17:33:31',NULL,NULL),
(359,503,'Kampung Gelgel','2022-12-16 17:33:31',NULL,NULL),
(360,503,'Jumpai','2022-12-16 17:33:31',NULL,NULL),
(361,503,'Tangkas','2022-12-16 17:33:31',NULL,NULL),
(362,503,'Kamasan','2022-12-16 17:33:31',NULL,NULL),
(363,503,'Semarapura Kaja','2022-12-16 17:33:31',NULL,NULL),
(364,503,'Semarapura Kauh','2022-12-16 17:33:31',NULL,NULL),
(365,503,'Semarapura Tengah','2022-12-16 17:33:31',NULL,NULL),
(366,503,'Semarapura Kangin','2022-12-16 17:33:31',NULL,NULL),
(367,503,'Semarapura Kelod Kangin','2022-12-16 17:33:31',NULL,NULL),
(368,503,'Semarapura  Kelod','2022-12-16 17:33:31',NULL,NULL),
(369,503,'Akah','2022-12-16 17:33:31',NULL,NULL),
(370,503,'Manduang','2022-12-16 17:33:31',NULL,NULL),
(371,503,'Selat','2022-12-16 17:33:31',NULL,NULL),
(372,503,'Tegak','2022-12-16 17:33:31',NULL,NULL),
(373,503,'Selisihan','2022-12-16 17:33:31',NULL,NULL),
(374,504,'Paksebali','2022-12-16 17:33:31',NULL,NULL),
(375,504,'Sampalan Tengah','2022-12-16 17:33:31',NULL,NULL),
(376,504,'Sampalan Kelod','2022-12-16 17:33:31',NULL,NULL),
(377,504,'Sulang','2022-12-16 17:33:31',NULL,NULL),
(378,504,'Gunaksa','2022-12-16 17:33:31',NULL,NULL),
(379,504,'Kusamba','2022-12-16 17:33:31',NULL,NULL),
(380,504,'Kampung Kusamba','2022-12-16 17:33:31',NULL,NULL),
(381,504,'Pesinggahan','2022-12-16 17:33:31',NULL,NULL),
(382,504,'Dawan Kelod','2022-12-16 17:33:31',NULL,NULL),
(383,504,'Pikat','2022-12-16 17:33:31',NULL,NULL),
(384,504,'Dawan Kaler','2022-12-16 17:33:31',NULL,NULL),
(385,504,'Besan','2022-12-16 17:33:31',NULL,NULL),
(386,601,'Apuan','2022-12-16 17:33:31',NULL,NULL),
(387,601,'Demulih','2022-12-16 17:33:31',NULL,NULL),
(388,601,'Abuan','2022-12-16 17:33:31',NULL,NULL),
(389,601,'Susut','2022-12-16 17:33:31',NULL,NULL),
(390,601,'Sulahan','2022-12-16 17:33:31',NULL,NULL),
(391,601,'Penglumbaran','2022-12-16 17:33:31',NULL,NULL),
(392,601,'Tiga','2022-12-16 17:33:31',NULL,NULL),
(393,601,'Selat','2022-12-16 17:33:31',NULL,NULL),
(394,601,'Pengiangan','2022-12-16 17:33:31',NULL,NULL),
(395,602,'Bunutin','2022-12-16 17:33:31',NULL,NULL),
(396,602,'Tamanbali','2022-12-16 17:33:31',NULL,NULL),
(397,602,'Bebalang','2022-12-16 17:33:31',NULL,NULL),
(398,602,'Kawan','2022-12-16 17:33:31',NULL,NULL),
(399,602,'Cempaga','2022-12-16 17:33:31',NULL,NULL),
(400,602,'Kubu','2022-12-16 17:33:31',NULL,NULL),
(401,602,'Kayubihi','2022-12-16 17:33:31',NULL,NULL),
(402,602,'Pengotan','2022-12-16 17:33:31',NULL,NULL),
(403,602,'Landih','2022-12-16 17:33:31',NULL,NULL),
(404,603,'Jehem','2022-12-16 17:33:31',NULL,NULL),
(405,603,'Tembuku','2022-12-16 17:33:31',NULL,NULL),
(406,603,'Yangapi','2022-12-16 17:33:31',NULL,NULL),
(407,603,'Undisan','2022-12-16 17:33:31',NULL,NULL),
(408,603,'Bangbang','2022-12-16 17:33:31',NULL,NULL),
(409,603,'Peninjoan','2022-12-16 17:33:31',NULL,NULL),
(410,604,'Mengani','2022-12-16 17:33:31',NULL,NULL),
(411,604,'Binyan','2022-12-16 17:33:31',NULL,NULL),
(412,604,'Ulian','2022-12-16 17:33:31',NULL,NULL),
(413,604,'Bunutin','2022-12-16 17:33:31',NULL,NULL),
(414,604,'Langgahan','2022-12-16 17:33:31',NULL,NULL),
(415,604,'Lembean','2022-12-16 17:33:31',NULL,NULL),
(416,604,'Manikliyu','2022-12-16 17:33:31',NULL,NULL),
(417,604,'Bayung Cerik','2022-12-16 17:33:31',NULL,NULL),
(418,604,'Mangguh','2022-12-16 17:33:31',NULL,NULL),
(419,604,'Belancan','2022-12-16 17:33:31',NULL,NULL),
(420,604,'Katung','2022-12-16 17:33:31',NULL,NULL),
(421,604,'Banua','2022-12-16 17:33:31',NULL,NULL),
(422,604,'Abuan','2022-12-16 17:33:31',NULL,NULL),
(423,604,'Bonyoh','2022-12-16 17:33:31',NULL,NULL),
(424,604,'Sekaan','2022-12-16 17:33:31',NULL,NULL),
(425,604,'Bayung Gede','2022-12-16 17:33:31',NULL,NULL),
(426,604,'Sekardadi','2022-12-16 17:33:31',NULL,NULL),
(427,604,'Kedisan','2022-12-16 17:33:31',NULL,NULL),
(428,604,'Buahan','2022-12-16 17:33:31',NULL,NULL),
(429,604,'Abangsongan','2022-12-16 17:33:31',NULL,NULL),
(430,604,'Suter','2022-12-16 17:33:31',NULL,NULL),
(431,604,'Batudinding','2022-12-16 17:33:31',NULL,NULL),
(432,604,'Terunyan','2022-12-16 17:33:31',NULL,NULL),
(433,604,'Songan A','2022-12-16 17:33:31',NULL,NULL),
(434,604,'Songan B','2022-12-16 17:33:31',NULL,NULL),
(435,604,'Batur Selatan','2022-12-16 17:33:31',NULL,NULL),
(436,604,'Batur Tengah','2022-12-16 17:33:31',NULL,NULL),
(437,604,'Batur Utara','2022-12-16 17:33:31',NULL,NULL),
(438,604,'Kintamani','2022-12-16 17:33:31',NULL,NULL),
(439,604,'Serai','2022-12-16 17:33:31',NULL,NULL),
(440,604,'Daup','2022-12-16 17:33:31',NULL,NULL),
(441,604,'Awan','2022-12-16 17:33:31',NULL,NULL),
(442,604,'Gunungbau','2022-12-16 17:33:31',NULL,NULL),
(443,604,'Belanga','2022-12-16 17:33:31',NULL,NULL),
(444,604,'Batukaang','2022-12-16 17:33:31',NULL,NULL),
(445,604,'Belantih','2022-12-16 17:33:31',NULL,NULL),
(446,604,'Catur','2022-12-16 17:33:31',NULL,NULL),
(447,604,'Pengejaran','2022-12-16 17:33:31',NULL,NULL),
(448,604,'Selulung','2022-12-16 17:33:31',NULL,NULL),
(449,604,'Satra','2022-12-16 17:33:31',NULL,NULL),
(450,604,'Dausa','2022-12-16 17:33:31',NULL,NULL),
(451,604,'Bantang','2022-12-16 17:33:31',NULL,NULL),
(452,604,'Sukawana','2022-12-16 17:33:31',NULL,NULL),
(453,604,'Kutuh','2022-12-16 17:33:31',NULL,NULL),
(454,604,'Subaya','2022-12-16 17:33:31',NULL,NULL),
(455,604,'Siakin','2022-12-16 17:33:31',NULL,NULL),
(456,604,'Pinggan','2022-12-16 17:33:31',NULL,NULL),
(457,604,'Belandingan','2022-12-16 17:33:31',NULL,NULL),
(458,701,'Nongan','2022-12-16 17:33:31',NULL,NULL),
(459,701,'Rendang','2022-12-16 17:33:31',NULL,NULL),
(460,701,'Menanga','2022-12-16 17:33:31',NULL,NULL),
(461,701,'Besakih','2022-12-16 17:33:31',NULL,NULL),
(462,701,'Pempatan','2022-12-16 17:33:31',NULL,NULL),
(463,701,'Pesaban','2022-12-16 17:33:31',NULL,NULL),
(464,702,'Tangkup','2022-12-16 17:33:31',NULL,NULL),
(465,702,'Talibeng','2022-12-16 17:33:31',NULL,NULL),
(466,702,'Sidemen','2022-12-16 17:33:31',NULL,NULL),
(467,702,'Sangkan Gunung','2022-12-16 17:33:31',NULL,NULL),
(468,702,'Telaga Tawang','2022-12-16 17:33:31',NULL,NULL),
(469,702,'Sinduwati','2022-12-16 17:33:31',NULL,NULL),
(470,702,'Tri Eka Buana','2022-12-16 17:33:31',NULL,NULL),
(471,702,'Kerta Buana','2022-12-16 17:33:31',NULL,NULL),
(472,702,'Lakasari','2022-12-16 17:33:31',NULL,NULL),
(473,702,'Wismakerta','2022-12-16 17:33:31',NULL,NULL),
(474,703,'Gegelang','2022-12-16 17:33:31',NULL,NULL),
(475,703,'Antiga','2022-12-16 17:33:31',NULL,NULL),
(476,703,'Ulakan','2022-12-16 17:33:31',NULL,NULL),
(477,703,'Manggis','2022-12-16 17:33:31',NULL,NULL),
(478,703,'Nyuh Tebel','2022-12-16 17:33:31',NULL,NULL),
(479,703,'Tenganan','2022-12-16 17:33:31',NULL,NULL),
(480,703,'Ngis','2022-12-16 17:33:31',NULL,NULL),
(481,703,'Selumbung','2022-12-16 17:33:31',NULL,NULL),
(482,703,'Padangbai','2022-12-16 17:33:31',NULL,NULL),
(483,703,'Antiga Kelod','2022-12-16 17:33:31',NULL,NULL),
(484,703,'Pasedahan','2022-12-16 17:33:31',NULL,NULL),
(485,703,'Sengkidu','2022-12-16 17:33:31',NULL,NULL),
(486,704,'Bugbug','2022-12-16 17:33:31',NULL,NULL),
(487,704,'Subagan','2022-12-16 17:33:31',NULL,NULL),
(488,704,'Padang Kerta','2022-12-16 17:33:31',NULL,NULL),
(489,704,'Karangasem','2022-12-16 17:33:31',NULL,NULL),
(490,704,'Tumbu','2022-12-16 17:33:31',NULL,NULL),
(491,704,'Seraya','2022-12-16 17:33:31',NULL,NULL),
(492,704,'Seraya Barat','2022-12-16 17:33:31',NULL,NULL),
(493,704,'Seraya Timur','2022-12-16 17:33:31',NULL,NULL),
(494,704,'Pertima','2022-12-16 17:33:31',NULL,NULL),
(495,704,'Tegalinggah','2022-12-16 17:33:31',NULL,NULL),
(496,704,'Bukit','2022-12-16 17:33:31',NULL,NULL),
(497,705,'Ababi','2022-12-16 17:33:31',NULL,NULL),
(498,705,'Tiying Tali','2022-12-16 17:33:31',NULL,NULL),
(499,705,'Bunutan','2022-12-16 17:33:31',NULL,NULL),
(500,705,'Tista','2022-12-16 17:33:31',NULL,NULL),
(501,705,'Abang','2022-12-16 17:33:31',NULL,NULL),
(502,705,'Pidpid','2022-12-16 17:33:31',NULL,NULL),
(503,705,'Datah','2022-12-16 17:33:31',NULL,NULL),
(504,705,'Culik','2022-12-16 17:33:31',NULL,NULL),
(505,705,'Purwakerti','2022-12-16 17:33:31',NULL,NULL),
(506,705,'Kerta Mandala','2022-12-16 17:33:31',NULL,NULL),
(507,705,'Labasari','2022-12-16 17:33:31',NULL,NULL),
(508,705,'Nawa Kerti','2022-12-16 17:33:31',NULL,NULL),
(509,705,'Kesimpar','2022-12-16 17:33:31',NULL,NULL),
(510,705,'Tribuana','2022-12-16 17:33:31',NULL,NULL),
(511,706,'Bungaya','2022-12-16 17:33:31',NULL,NULL),
(512,706,'Budekeling','2022-12-16 17:33:31',NULL,NULL),
(513,706,'Bebandem','2022-12-16 17:33:31',NULL,NULL),
(514,706,'Sibetan','2022-12-16 17:33:31',NULL,NULL),
(515,706,'Jungutan','2022-12-16 17:33:31',NULL,NULL),
(516,706,'Bungaya Kangin','2022-12-16 17:33:31',NULL,NULL),
(517,706,'Buana Giri','2022-12-16 17:33:31',NULL,NULL),
(518,706,'Macang','2022-12-16 17:33:31',NULL,NULL),
(519,707,'Muncan','2022-12-16 17:33:31',NULL,NULL),
(520,707,'Selat','2022-12-16 17:33:31',NULL,NULL),
(521,707,'Duda','2022-12-16 17:33:31',NULL,NULL),
(522,707,'Sebudi','2022-12-16 17:33:31',NULL,NULL),
(523,707,'Duda Utara','2022-12-16 17:33:31',NULL,NULL),
(524,707,'Duda Timur','2022-12-16 17:33:31',NULL,NULL),
(525,707,'Pering Sari','2022-12-16 17:33:31',NULL,NULL),
(526,707,'Amerta Bhuana','2022-12-16 17:33:31',NULL,NULL),
(527,708,'Ban','2022-12-16 17:33:31',NULL,NULL),
(528,708,'Dukuh','2022-12-16 17:33:31',NULL,NULL),
(529,708,'Kubu','2022-12-16 17:33:31',NULL,NULL),
(530,708,'Tianyar','2022-12-16 17:33:31',NULL,NULL),
(531,708,'Tianyar Barat','2022-12-16 17:33:31',NULL,NULL),
(532,708,'Tianyar Tengah','2022-12-16 17:33:31',NULL,NULL),
(533,708,'Tulamben','2022-12-16 17:33:31',NULL,NULL),
(534,708,'Baturinggit','2022-12-16 17:33:31',NULL,NULL),
(535,708,'Sukadana','2022-12-16 17:33:31',NULL,NULL),
(536,801,'Sumberklampok','2022-12-16 17:33:31',NULL,NULL),
(537,801,'Pejarakan','2022-12-16 17:33:31',NULL,NULL),
(538,801,'Sumberkima','2022-12-16 17:33:31',NULL,NULL),
(539,801,'Pemuteran','2022-12-16 17:33:31',NULL,NULL),
(540,801,'Banyupoh','2022-12-16 17:33:31',NULL,NULL),
(541,801,'Penyabangan','2022-12-16 17:33:31',NULL,NULL),
(542,801,'Musi','2022-12-16 17:33:31',NULL,NULL),
(543,801,'Sanggalangit','2022-12-16 17:33:31',NULL,NULL),
(544,801,'Gerokgak','2022-12-16 17:33:31',NULL,NULL),
(545,801,'Patas','2022-12-16 17:33:31',NULL,NULL),
(546,801,'Pengulon','2022-12-16 17:33:31',NULL,NULL),
(547,801,'Tinga-tinga','2022-12-16 17:33:31',NULL,NULL),
(548,801,'Celukanbawang','2022-12-16 17:33:31',NULL,NULL),
(549,801,'Tukadsumaga','2022-12-16 17:33:31',NULL,NULL),
(550,802,'Unggahan','2022-12-16 17:33:31',NULL,NULL),
(551,802,'Ularan','2022-12-16 17:33:31',NULL,NULL),
(552,802,'Ringdikit','2022-12-16 17:33:31',NULL,NULL),
(553,802,'Rangdu','2022-12-16 17:33:31',NULL,NULL),
(554,802,'Mayong','2022-12-16 17:33:31',NULL,NULL),
(555,802,'Gunungsari','2022-12-16 17:33:31',NULL,NULL),
(556,802,'Munduk Bestala','2022-12-16 17:33:31',NULL,NULL),
(557,802,'Bestala','2022-12-16 17:33:31',NULL,NULL),
(558,802,'Kalianget','2022-12-16 17:33:31',NULL,NULL),
(559,802,'Joanyar','2022-12-16 17:33:31',NULL,NULL),
(560,802,'Tangguwisia','2022-12-16 17:33:31',NULL,NULL),
(561,802,'Sulanyah','2022-12-16 17:33:31',NULL,NULL),
(562,802,'Bubunan','2022-12-16 17:33:31',NULL,NULL),
(563,802,'Petemon','2022-12-16 17:33:31',NULL,NULL),
(564,802,'Seririt','2022-12-16 17:33:31',NULL,NULL),
(565,802,'Pengastulan','2022-12-16 17:33:31',NULL,NULL),
(566,802,'Lokapaksa','2022-12-16 17:33:31',NULL,NULL),
(567,802,'Pangkungparuk','2022-12-16 17:33:31',NULL,NULL),
(568,802,'Banjarasem','2022-12-16 17:33:31',NULL,NULL),
(569,802,'Kalisada','2022-12-16 17:33:31',NULL,NULL),
(570,802,'Umeanyar','2022-12-16 17:33:31',NULL,NULL),
(571,803,'Sepang','2022-12-16 17:33:31',NULL,NULL),
(572,803,'Tista','2022-12-16 17:33:31',NULL,NULL),
(573,803,'Bongancina','2022-12-16 17:33:31',NULL,NULL),
(574,803,'Pucaksari','2022-12-16 17:33:31',NULL,NULL),
(575,803,'Telaga','2022-12-16 17:33:31',NULL,NULL),
(576,803,'Titab','2022-12-16 17:33:31',NULL,NULL),
(577,803,'Subuk','2022-12-16 17:33:31',NULL,NULL),
(578,803,'Tinggarsari','2022-12-16 17:33:31',NULL,NULL),
(579,803,'Kedis','2022-12-16 17:33:31',NULL,NULL),
(580,803,'Kekeran','2022-12-16 17:33:31',NULL,NULL),
(581,803,'Busungbiu','2022-12-16 17:33:31',NULL,NULL),
(582,803,'Pelapuan','2022-12-16 17:33:31',NULL,NULL),
(583,803,'Bengkel','2022-12-16 17:33:31',NULL,NULL),
(584,803,'Umejero','2022-12-16 17:33:31',NULL,NULL),
(585,803,'Sepang Kelod','2022-12-16 17:33:31',NULL,NULL),
(586,804,'Banyuseri','2022-12-16 17:33:31',NULL,NULL),
(587,804,'Tirtasari','2022-12-16 17:33:31',NULL,NULL),
(588,804,'Kayuputih','2022-12-16 17:33:31',NULL,NULL),
(589,804,'Banyuatis','2022-12-16 17:33:31',NULL,NULL),
(590,804,'Gesing','2022-12-16 17:33:31',NULL,NULL),
(591,804,'Munduk','2022-12-16 17:33:31',NULL,NULL),
(592,804,'Gobleg','2022-12-16 17:33:31',NULL,NULL),
(593,804,'Pedawa','2022-12-16 17:33:31',NULL,NULL),
(594,804,'Cempaga','2022-12-16 17:33:31',NULL,NULL),
(595,804,'Sidetapa','2022-12-16 17:33:31',NULL,NULL),
(596,804,'Tampekan','2022-12-16 17:33:31',NULL,NULL),
(597,804,'Banjar Tegeha','2022-12-16 17:33:31',NULL,NULL),
(598,804,'Banjar','2022-12-16 17:33:31',NULL,NULL),
(599,804,'Dencarik','2022-12-16 17:33:31',NULL,NULL),
(600,804,'Temukus','2022-12-16 17:33:31',NULL,NULL),
(601,804,'Tigawasa','2022-12-16 17:33:31',NULL,NULL),
(602,804,'Kaliasem','2022-12-16 17:33:31',NULL,NULL),
(603,805,'Pancasari','2022-12-16 17:33:31',NULL,NULL),
(604,805,'Wanagiri','2022-12-16 17:33:31',NULL,NULL),
(605,805,'Ambengan','2022-12-16 17:33:31',NULL,NULL),
(606,805,'Gitgit','2022-12-16 17:33:31',NULL,NULL),
(607,805,'Pegayaman','2022-12-16 17:33:31',NULL,NULL),
(608,805,'Silangjana','2022-12-16 17:33:31',NULL,NULL),
(609,805,'Pegadungan','2022-12-16 17:33:31',NULL,NULL),
(610,805,'Padangbulia','2022-12-16 17:33:31',NULL,NULL),
(611,805,'Sukasada','2022-12-16 17:33:31',NULL,NULL),
(612,805,'Sambangan','2022-12-16 17:33:31',NULL,NULL),
(613,805,'Panji','2022-12-16 17:33:31',NULL,NULL),
(614,805,'Panji Anom','2022-12-16 17:33:31',NULL,NULL),
(615,805,'Tegallinggah','2022-12-16 17:33:31',NULL,NULL),
(616,805,'Selat','2022-12-16 17:33:31',NULL,NULL),
(617,805,'Kayu Putih','2022-12-16 17:33:31',NULL,NULL),
(618,806,'Kalibukbuk','2022-12-16 17:33:31',NULL,NULL),
(619,806,'Anturan','2022-12-16 17:33:31',NULL,NULL),
(620,806,'Tukadmungga','2022-12-16 17:33:31',NULL,NULL),
(621,806,'Pemaron','2022-12-16 17:33:31',NULL,NULL),
(622,806,'Baktiseraga','2022-12-16 17:33:31',NULL,NULL),
(623,806,'Banyuasari','2022-12-16 17:33:31',NULL,NULL),
(624,806,'Banjar Tegal','2022-12-16 17:33:31',NULL,NULL),
(625,806,'Kendran','2022-12-16 17:33:31',NULL,NULL),
(626,806,'Paket Agung','2022-12-16 17:33:31',NULL,NULL),
(627,806,'Kampung Singaraja','2022-12-16 17:33:31',NULL,NULL),
(628,806,'Liligundi','2022-12-16 17:33:31',NULL,NULL),
(629,806,'Beratan','2022-12-16 17:33:31',NULL,NULL),
(630,806,'Sarimekar','2022-12-16 17:33:31',NULL,NULL),
(631,806,'Naga Sepaha','2022-12-16 17:33:31',NULL,NULL),
(632,806,'Petandakan','2022-12-16 17:33:31',NULL,NULL),
(633,806,'Alasangker','2022-12-16 17:33:31',NULL,NULL),
(634,806,'Poh Bergong','2022-12-16 17:33:31',NULL,NULL),
(635,806,'Jinengdalem','2022-12-16 17:33:31',NULL,NULL),
(636,806,'Banyuning','2022-12-16 17:33:31',NULL,NULL),
(637,806,'Penarukan','2022-12-16 17:33:31',NULL,NULL),
(638,806,'Kampung Kajanan','2022-12-16 17:33:31',NULL,NULL),
(639,806,'Astina','2022-12-16 17:33:31',NULL,NULL),
(640,806,'Banjar Jawa','2022-12-16 17:33:31',NULL,NULL),
(641,806,'Kaliuntu','2022-12-16 17:33:31',NULL,NULL),
(642,806,'Kampung Anyar','2022-12-16 17:33:31',NULL,NULL),
(643,806,'Kampung Bugis','2022-12-16 17:33:31',NULL,NULL),
(644,806,'Banjar Bali','2022-12-16 17:33:31',NULL,NULL),
(645,806,'Penglatan','2022-12-16 17:33:31',NULL,NULL),
(646,806,'Kampung Baru','2022-12-16 17:33:31',NULL,NULL),
(647,807,'Lemukih','2022-12-16 17:33:31',NULL,NULL),
(648,807,'Galungan','2022-12-16 17:33:31',NULL,NULL),
(649,807,'Sekumpul','2022-12-16 17:33:31',NULL,NULL),
(650,807,'Bebetin','2022-12-16 17:33:31',NULL,NULL),
(651,807,'Sudaji','2022-12-16 17:33:31',NULL,NULL),
(652,807,'Sawan','2022-12-16 17:33:31',NULL,NULL),
(653,807,'Menyali','2022-12-16 17:33:31',NULL,NULL),
(654,807,'Suwug','2022-12-16 17:33:31',NULL,NULL),
(655,807,'Jagaraga','2022-12-16 17:33:31',NULL,NULL),
(656,807,'Sinabun','2022-12-16 17:33:31',NULL,NULL),
(657,807,'Kerobokan','2022-12-16 17:33:31',NULL,NULL),
(658,807,'Sangsit','2022-12-16 17:33:31',NULL,NULL),
(659,807,'Bungkulan','2022-12-16 17:33:31',NULL,NULL),
(660,807,'Giri Emas','2022-12-16 17:33:31',NULL,NULL),
(661,808,'Tambakan','2022-12-16 17:33:31',NULL,NULL),
(662,808,'Pakisan','2022-12-16 17:33:31',NULL,NULL),
(663,808,'Bontihing','2022-12-16 17:33:31',NULL,NULL),
(664,808,'Tajun','2022-12-16 17:33:31',NULL,NULL),
(665,808,'Tunjung','2022-12-16 17:33:31',NULL,NULL),
(666,808,'Depeha','2022-12-16 17:33:31',NULL,NULL),
(667,808,'Tamblang','2022-12-16 17:33:31',NULL,NULL),
(668,808,'Bulian','2022-12-16 17:33:31',NULL,NULL),
(669,808,'Bila','2022-12-16 17:33:31',NULL,NULL),
(670,808,'Bengkala','2022-12-16 17:33:31',NULL,NULL),
(671,808,'Kubutambahan','2022-12-16 17:33:31',NULL,NULL),
(672,808,'Bukti','2022-12-16 17:33:31',NULL,NULL),
(673,808,'Mengening','2022-12-16 17:33:31',NULL,NULL),
(674,809,'Sembiran','2022-12-16 17:33:31',NULL,NULL),
(675,809,'Pacung','2022-12-16 17:33:31',NULL,NULL),
(676,809,'Julah','2022-12-16 17:33:31',NULL,NULL),
(677,809,'Madenan','2022-12-16 17:33:31',NULL,NULL),
(678,809,'Bondalem','2022-12-16 17:33:31',NULL,NULL),
(679,809,'Tejakula','2022-12-16 17:33:31',NULL,NULL),
(680,809,'Les','2022-12-16 17:33:31',NULL,NULL),
(681,809,'Penuktukan','2022-12-16 17:33:31',NULL,NULL),
(682,809,'Sambirenteng','2022-12-16 17:33:31',NULL,NULL),
(683,809,'Tembok','2022-12-16 17:33:31',NULL,NULL),
(684,901,'Serangan','2022-12-16 17:33:31',NULL,NULL),
(685,901,'Pedungan','2022-12-16 17:33:31',NULL,NULL),
(686,901,'Sesetan','2022-12-16 17:33:31',NULL,NULL),
(687,901,'Panjer','2022-12-16 17:33:31',NULL,NULL),
(688,901,'Renon','2022-12-16 17:33:31',NULL,NULL),
(689,901,'Sanur','2022-12-16 17:33:31',NULL,NULL),
(690,901,'Sidakarya','2022-12-16 17:33:31',NULL,NULL),
(691,901,'Pemogan','2022-12-16 17:33:31',NULL,NULL),
(692,901,'Sanur Kaja','2022-12-16 17:33:31',NULL,NULL),
(693,901,'Sanur Kauh','2022-12-16 17:33:31',NULL,NULL),
(694,902,'Dangin Puri Kelod','2022-12-16 17:33:31',NULL,NULL),
(695,902,'Sumerta Kelod','2022-12-16 17:33:31',NULL,NULL),
(696,902,'Kesiman','2022-12-16 17:33:31',NULL,NULL),
(697,902,'Kesiman Petilan\n','2022-12-16 17:33:31',NULL,NULL),
(698,902,'Kesiman Kertalangu','2022-12-16 17:33:31',NULL,NULL),
(699,902,'Sumerta','2022-12-16 17:33:31',NULL,NULL),
(700,902,'Sumerta Kaja','2022-12-16 17:33:31',NULL,NULL),
(701,902,'Sumerta Kauh','2022-12-16 17:33:31',NULL,NULL),
(702,902,'Dangin Puri Kangin','2022-12-16 17:33:31',NULL,NULL),
(703,902,'Dangin Puri','2022-12-16 17:33:31',NULL,NULL),
(704,902,'Dangin Puri Kauh','2022-12-16 17:33:31',NULL,NULL),
(705,902,'Dangin Puri Kaja','2022-12-16 17:33:31',NULL,NULL),
(706,902,'Tonja','2022-12-16 17:33:31',NULL,NULL),
(707,902,'Penatih','2022-12-16 17:33:31',NULL,NULL),
(708,903,'Padangsambian Kelod','2022-12-16 17:33:31',NULL,NULL),
(709,903,'Pemecutan Kelod','2022-12-16 17:33:31',NULL,NULL),
(710,903,'Dauh Puri Kauh','2022-12-16 17:33:31',NULL,NULL),
(711,903,'Dauh Puri Kelod','2022-12-16 17:33:31',NULL,NULL),
(712,903,'Dauh Puri','2022-12-16 17:33:31',NULL,NULL),
(713,903,'Dauh Puri Kangin','2022-12-16 17:33:31',NULL,NULL),
(714,903,'Pemecutan','2022-12-16 17:33:31',NULL,NULL),
(715,903,'Tegal Harum','2022-12-16 17:33:31',NULL,NULL),
(716,903,'Tegal Kertha','2022-12-16 17:33:31',NULL,NULL),
(717,903,'Padangsambian','2022-12-16 17:33:31',NULL,NULL),
(718,903,'Padangsambian Kaja','2022-12-16 17:33:31',NULL,NULL),
(719,903,'Pemecutan Kaja','2022-12-16 17:33:31',NULL,NULL),
(720,903,'Dauh Puri Kaja','2022-12-16 17:33:31',NULL,NULL),
(721,903,'Ubung','2022-12-16 17:33:31',NULL,NULL),
(722,903,'Ubung Kaja','2022-12-16 17:33:31',NULL,NULL),
(723,903,'Peguyangan','2022-12-16 17:33:31',NULL,NULL),
(724,903,'Peguyangan Kaja\n','2022-12-16 17:33:31',NULL,NULL),
(725,903,'Peguyangan Kangin','2022-12-16 17:33:31',NULL,NULL),
(726,904,'Dangin Puri Kangin','2022-12-16 17:33:31',NULL,NULL),
(727,904,'Dangin Puri Kauh','2022-12-16 17:33:31',NULL,NULL),
(728,904,'Dangin Puri Kaja','2022-12-16 17:33:31',NULL,NULL),
(729,904,'Tonja','2022-12-16 17:33:31',NULL,NULL),
(730,904,'Pemecutan Kaja','2022-12-16 17:33:31',NULL,NULL),
(731,904,'Dauh Puri Kaja','2022-12-16 17:33:31',NULL,NULL),
(732,904,'Ubung','2022-12-16 17:33:31',NULL,NULL),
(733,904,'Ubung Kaja','2022-12-16 17:33:31',NULL,NULL),
(734,904,'Peguyangan','2022-12-16 17:33:31',NULL,NULL),
(735,904,'Peguyangan Kaja','2022-12-16 17:33:31',NULL,NULL),
(736,904,'Peguyangan Kangin','2022-12-16 17:33:31',NULL,NULL),
(737,904,'Penatih Dangin Puri','2022-12-16 17:33:31',NULL,NULL);

/*Table structure for table `tb_m_kabupaten` */

DROP TABLE IF EXISTS `tb_m_kabupaten`;

CREATE TABLE `tb_m_kabupaten` (
  `id` int(11) NOT NULL AUTO_INCREMENT,
  `id_provinsi` int(11) DEFAULT NULL,
  `nama` varchar(255) DEFAULT NULL,
  `created_at` timestamp NOT NULL DEFAULT current_timestamp() ON UPDATE current_timestamp(),
  `updated_at` timestamp NULL DEFAULT NULL,
  `deleted_at` timestamp NULL DEFAULT NULL,
  PRIMARY KEY (`id`),
  KEY `id_provinsi` (`id_provinsi`),
  CONSTRAINT `tb_m_kabupaten_ibfk_1` FOREIGN KEY (`id_provinsi`) REFERENCES `tb_m_provinsi` (`id`)
) ENGINE=InnoDB AUTO_INCREMENT=10 DEFAULT CHARSET=latin1 COLLATE=latin1_swedish_ci;

/*Data for the table `tb_m_kabupaten` */

insert  into `tb_m_kabupaten`(`id`,`id_provinsi`,`nama`,`created_at`,`updated_at`,`deleted_at`) values 
(1,51,'Jembrana','2022-12-16 17:33:31',NULL,NULL),
(2,51,'Tabanan','2022-12-16 17:33:31',NULL,NULL),
(3,51,'Badung','2022-12-16 17:33:31',NULL,NULL),
(4,51,'Gianyar','2022-12-16 17:33:31',NULL,NULL),
(5,51,'Klungkung','2022-12-16 17:33:31',NULL,NULL),
(6,51,'Bangli','2022-12-16 17:33:31',NULL,NULL),
(7,51,'Karangasem','2022-12-16 17:33:31',NULL,NULL),
(8,51,'Buleleng','2022-12-16 17:33:31',NULL,NULL),
(9,51,'Denpasar','2022-12-16 17:33:31',NULL,NULL);

/*Table structure for table `tb_m_kecamatan` */

DROP TABLE IF EXISTS `tb_m_kecamatan`;

CREATE TABLE `tb_m_kecamatan` (
  `id` int(11) NOT NULL AUTO_INCREMENT,
  `id_kabupaten` int(11) DEFAULT NULL,
  `nama` varchar(255) DEFAULT NULL,
  `created_at` timestamp NOT NULL DEFAULT current_timestamp() ON UPDATE current_timestamp(),
  `updated_at` timestamp NULL DEFAULT NULL,
  `deleted_at` timestamp NULL DEFAULT NULL,
  PRIMARY KEY (`id`),
  KEY `id_kabupaten` (`id_kabupaten`),
  CONSTRAINT `tb_m_kecamatan_ibfk_1` FOREIGN KEY (`id_kabupaten`) REFERENCES `tb_m_kabupaten` (`id`)
) ENGINE=InnoDB AUTO_INCREMENT=905 DEFAULT CHARSET=latin1 COLLATE=latin1_swedish_ci;

/*Data for the table `tb_m_kecamatan` */

insert  into `tb_m_kecamatan`(`id`,`id_kabupaten`,`nama`,`created_at`,`updated_at`,`deleted_at`) values 
(101,1,'NEGARA','2022-12-16 17:33:31',NULL,NULL),
(102,1,'MENDOYO','2022-12-16 17:33:31',NULL,NULL),
(103,1,'PEKUTATAN','2022-12-16 17:33:31',NULL,NULL),
(104,1,'MELAYA','2022-12-16 17:33:31',NULL,NULL),
(105,1,'JEMBRANA','2022-12-16 17:33:31',NULL,NULL),
(201,2,'SELEMADEG','2022-12-16 17:33:31',NULL,NULL),
(202,2,'SELEMADEG TIMUR','2022-12-16 17:33:31',NULL,NULL),
(203,2,'SELEMADEG BARAT','2022-12-16 17:33:31',NULL,NULL),
(204,2,'KERAMBITAN','2022-12-16 17:33:31',NULL,NULL),
(205,2,'TABANAN','2022-12-16 17:33:31',NULL,NULL),
(206,2,'KEDIRI','2022-12-16 17:33:31',NULL,NULL),
(207,2,'MARGA','2022-12-16 17:33:31',NULL,NULL),
(208,2,'PENEBEL','2022-12-16 17:33:31',NULL,NULL),
(209,2,'BATURITI','2022-12-16 17:33:31',NULL,NULL),
(210,2,'PUPUAN','2022-12-16 17:33:31',NULL,NULL),
(301,3,'KUTA','2022-12-16 17:33:31',NULL,NULL),
(302,3,'MENGWI','2022-12-16 17:33:31',NULL,NULL),
(303,3,'ABIANSEMAL','2022-12-16 17:33:31',NULL,NULL),
(304,3,'PETANG','2022-12-16 17:33:31',NULL,NULL),
(305,3,'KUTA SELATAN','2022-12-16 17:33:31',NULL,NULL),
(306,3,'KUTA UTARA','2022-12-16 17:33:31',NULL,NULL),
(401,4,'SUKAWATI','2022-12-16 17:33:31',NULL,NULL),
(402,4,'BLAHBATUH','2022-12-16 17:33:31',NULL,NULL),
(403,4,'GIANYAR','2022-12-16 17:33:31',NULL,NULL),
(404,4,'TAMPAKSIRING','2022-12-16 17:33:31',NULL,NULL),
(405,4,'UBUD','2022-12-16 17:33:31',NULL,NULL),
(406,4,'TEGALLALANG','2022-12-16 17:33:31',NULL,NULL),
(407,4,'PAYANGAN','2022-12-16 17:33:31',NULL,NULL),
(501,5,'NUSA PENIDA','2022-12-16 17:33:31',NULL,NULL),
(502,5,'BANJARANGKAN','2022-12-16 17:33:31',NULL,NULL),
(503,5,'KLUNGKUNG','2022-12-16 17:33:31',NULL,NULL),
(504,5,'DAWAN','2022-12-16 17:33:31',NULL,NULL),
(601,6,'SUSUT','2022-12-16 17:33:31',NULL,NULL),
(602,6,'BANGLI','2022-12-16 17:33:31',NULL,NULL),
(603,6,'TEMBUKU','2022-12-16 17:33:31',NULL,NULL),
(604,6,'KINTAMANI','2022-12-16 17:33:31',NULL,NULL),
(701,7,'RENDANG','2022-12-16 17:33:31',NULL,NULL),
(702,7,'SIDEMEN','2022-12-16 17:33:31',NULL,NULL),
(703,7,'MANGGIS','2022-12-16 17:33:31',NULL,NULL),
(704,7,'KARANGASEM','2022-12-16 17:33:31',NULL,NULL),
(705,7,'ABANG','2022-12-16 17:33:31',NULL,NULL),
(706,7,'BEBANDEM','2022-12-16 17:33:31',NULL,NULL),
(707,7,'SELAT','2022-12-16 17:33:31',NULL,NULL),
(708,7,'KUBU','2022-12-16 17:33:31',NULL,NULL),
(801,8,'GEROKGAK','2022-12-16 17:33:31',NULL,NULL),
(802,8,'SERIRIT','2022-12-16 17:33:31',NULL,NULL),
(803,8,'BUSUNGBIU','2022-12-16 17:33:31',NULL,NULL),
(804,8,'BANJAR','2022-12-16 17:33:31',NULL,NULL),
(805,8,'SUKASADA','2022-12-16 17:33:31',NULL,NULL),
(806,8,'BULELENG','2022-12-16 17:33:31',NULL,NULL),
(807,8,'SAWAN','2022-12-16 17:33:31',NULL,NULL),
(808,8,'KUBUTAMBAHAN','2022-12-16 17:33:31',NULL,NULL),
(809,9,'TEJAKULA','2022-12-16 17:33:31',NULL,NULL),
(901,9,'DENPASAR SELATAN','2022-12-16 17:33:31',NULL,NULL),
(902,9,'DENPASAR TIMUR','2022-12-16 17:33:31',NULL,NULL),
(903,9,'DENPASAR BARAT','2022-12-16 17:33:31',NULL,NULL),
(904,9,'DENPASAR UTARA','2022-12-16 17:33:31',NULL,NULL);

/*Table structure for table `tb_m_provider` */

DROP TABLE IF EXISTS `tb_m_provider`;

CREATE TABLE `tb_m_provider` (
  `id` int(11) NOT NULL AUTO_INCREMENT,
  `nama` varchar(255) DEFAULT NULL,
  `created_at` timestamp NOT NULL DEFAULT current_timestamp() ON UPDATE current_timestamp(),
  `updated_at` timestamp NULL DEFAULT NULL,
  `deleted_at` timestamp NULL DEFAULT NULL,
  PRIMARY KEY (`id`)
) ENGINE=InnoDB AUTO_INCREMENT=18 DEFAULT CHARSET=latin1 COLLATE=latin1_swedish_ci;

/*Data for the table `tb_m_provider` */

insert  into `tb_m_provider`(`id`,`nama`,`created_at`,`updated_at`,`deleted_at`) values 
(12,'Telkomsel','2023-01-08 16:51:19','2023-01-08 08:51:19',NULL),
(13,'Indosat Ooredoo','2023-01-08 16:51:32','2023-01-08 08:51:32',NULL),
(14,'Tri Indonesia','2023-01-08 16:51:41','2023-01-08 08:51:41',NULL),
(15,'XL Axiata','2023-01-08 16:51:54','2023-01-08 08:51:54',NULL),
(16,'Smartfren','2023-01-08 16:52:04','2023-01-08 08:52:04',NULL);

/*Table structure for table `tb_m_provinsi` */

DROP TABLE IF EXISTS `tb_m_provinsi`;

CREATE TABLE `tb_m_provinsi` (
  `id` int(11) NOT NULL AUTO_INCREMENT,
  `nama` varchar(50) DEFAULT NULL,
  `created_at` timestamp NOT NULL DEFAULT current_timestamp() ON UPDATE current_timestamp(),
  `updated_at` timestamp NULL DEFAULT NULL,
  `deleted_at` timestamp NULL DEFAULT NULL,
  PRIMARY KEY (`id`)
) ENGINE=InnoDB AUTO_INCREMENT=93 DEFAULT CHARSET=latin1 COLLATE=latin1_swedish_ci;

/*Data for the table `tb_m_provinsi` */

insert  into `tb_m_provinsi`(`id`,`nama`,`created_at`,`updated_at`,`deleted_at`) values 
(11,'Aceh','2022-12-16 17:33:32',NULL,NULL),
(12,'Sumatera Utara','2022-12-16 17:33:32',NULL,NULL),
(13,'Sumatera Barat','2022-12-16 17:33:32',NULL,NULL),
(15,'Jambi','2022-12-16 17:33:32',NULL,NULL),
(16,'Sumatera Selatan','2022-12-16 17:33:32',NULL,NULL),
(17,'Bengkulu','2022-12-16 17:33:32',NULL,NULL),
(18,'Lampung','2022-12-16 17:33:32',NULL,NULL),
(19,'Bangka Belitung','2022-12-16 17:33:32',NULL,NULL),
(21,'Kepulauan Riau','2022-12-16 17:33:32',NULL,NULL),
(31,'DKI Jakarta','2022-12-16 17:33:32',NULL,NULL),
(32,'Jawa Barat','2022-12-16 17:33:32',NULL,NULL),
(33,'Jawa Tengah','2022-12-16 17:33:32',NULL,NULL),
(34,'Daerah Istimewa Yogyakarta','2022-12-16 17:33:32',NULL,NULL),
(35,'Jawa Timur','2022-12-16 17:33:32',NULL,NULL),
(36,'Banten','2022-12-16 17:33:32',NULL,NULL),
(51,'Bali','2022-12-16 17:33:32',NULL,NULL),
(52,'Nusa Tenggara Barat','2022-12-16 17:33:32',NULL,NULL),
(53,'Nusa Tenggara Timur','2022-12-16 17:33:32',NULL,NULL),
(61,'Kalimantan Barat','2022-12-16 17:33:32',NULL,NULL),
(62,'Kalimantan Tengah','2022-12-16 17:33:32',NULL,NULL),
(63,'Kalimantan Selatan','2022-12-16 17:33:32',NULL,NULL),
(64,'Kalimantan Timur','2022-12-16 17:33:32',NULL,NULL),
(65,'Kalimantan Utara','2022-12-16 17:33:32',NULL,NULL),
(71,'Sulawesi Utara','2022-12-16 17:33:32',NULL,NULL),
(72,'Sulawesi Tengah','2022-12-16 17:33:32',NULL,NULL),
(73,'Sulawesi Selatan','2022-12-16 17:33:32',NULL,NULL),
(74,'Sulawesi Tenggara','2022-12-16 17:33:32',NULL,NULL),
(75,'Gorontalo','2022-12-16 17:33:32',NULL,NULL),
(76,'Sulawesi Barat','2022-12-16 17:33:32',NULL,NULL),
(81,'Maluku','2022-12-16 17:33:32',NULL,NULL),
(82,'Maluku Utara','2022-12-16 17:33:32',NULL,NULL),
(91,'Papua','2022-12-16 17:33:32',NULL,NULL),
(92,'Papua Barat','2022-12-16 17:33:32',NULL,NULL);

/*Table structure for table `tb_m_status` */

DROP TABLE IF EXISTS `tb_m_status`;

CREATE TABLE `tb_m_status` (
  `id` int(11) NOT NULL AUTO_INCREMENT,
  `status` varchar(255) DEFAULT NULL,
  `created_at` timestamp NOT NULL DEFAULT current_timestamp() ON UPDATE current_timestamp(),
  `updated_at` timestamp NULL DEFAULT NULL,
  `deleted_at` timestamp NULL DEFAULT NULL,
  PRIMARY KEY (`id`)
) ENGINE=InnoDB AUTO_INCREMENT=10 DEFAULT CHARSET=latin1 COLLATE=latin1_swedish_ci;

/*Data for the table `tb_m_status` */

insert  into `tb_m_status`(`id`,`status`,`created_at`,`updated_at`,`deleted_at`) values 
(2,'Pemeriksaan Oleh Tim Administrasi','2022-12-19 01:26:53',NULL,NULL),
(3,'Disetujui Tim Administratif','2022-12-19 01:27:51',NULL,NULL),
(4,'Disetujui Tim Lapangan','2022-12-19 01:28:05',NULL,NULL),
(5,'Pengajuan Disetujui','2022-12-19 01:28:14',NULL,NULL),
(6,'Selesai','2022-12-19 01:28:17',NULL,NULL),
(7,'Perbaikan Administrasi','2022-12-19 01:28:23',NULL,NULL),
(8,'Ditolak','2022-12-19 01:28:26',NULL,NULL),
(9,'Pemeriksaan Oleh Tim Lapangan','2022-12-19 15:21:47',NULL,NULL);

/*Table structure for table `tb_m_zoneplan` */

DROP TABLE IF EXISTS `tb_m_zoneplan`;

CREATE TABLE `tb_m_zoneplan` (
  `id` int(11) NOT NULL AUTO_INCREMENT,
  `id_provinsi` int(11) DEFAULT NULL,
  `id_kabupaten` int(11) DEFAULT NULL,
  `id_kecamatan` int(11) DEFAULT NULL,
  `id_desa` int(11) DEFAULT NULL,
  `nama` varchar(255) DEFAULT NULL,
  `lat` varchar(255) DEFAULT NULL,
  `long` varchar(255) DEFAULT NULL,
  `radius` int(11) DEFAULT NULL,
  `batas_menara` int(11) DEFAULT NULL,
  `jumlah_menara` int(11) DEFAULT NULL,
  `status` enum('available','used','terlarang') DEFAULT NULL,
  `detail` text DEFAULT NULL,
  `created_at` timestamp NOT NULL DEFAULT current_timestamp() ON UPDATE current_timestamp(),
  `updated_at` timestamp NULL DEFAULT NULL,
  `deleted_at` timestamp NULL DEFAULT NULL,
  PRIMARY KEY (`id`),
  KEY `id_provinsi` (`id_provinsi`),
  KEY `id_kabupaten` (`id_kabupaten`),
  KEY `id_kecamatan` (`id_kecamatan`),
  KEY `id_desa` (`id_desa`),
  CONSTRAINT `tb_m_zoneplan_ibfk_1` FOREIGN KEY (`id_provinsi`) REFERENCES `tb_m_provinsi` (`id`),
  CONSTRAINT `tb_m_zoneplan_ibfk_2` FOREIGN KEY (`id_kabupaten`) REFERENCES `tb_m_kabupaten` (`id`),
  CONSTRAINT `tb_m_zoneplan_ibfk_3` FOREIGN KEY (`id_kecamatan`) REFERENCES `tb_m_kecamatan` (`id`),
  CONSTRAINT `tb_m_zoneplan_ibfk_4` FOREIGN KEY (`id_desa`) REFERENCES `tb_m_desa` (`id`)
) ENGINE=InnoDB AUTO_INCREMENT=47 DEFAULT CHARSET=latin1 COLLATE=latin1_swedish_ci;

/*Data for the table `tb_m_zoneplan` */

insert  into `tb_m_zoneplan`(`id`,`id_provinsi`,`id_kabupaten`,`id_kecamatan`,`id_desa`,`nama`,`lat`,`long`,`radius`,`batas_menara`,`jumlah_menara`,`status`,`detail`,`created_at`,`updated_at`,`deleted_at`) values 
(1,51,7,704,493,'Seraya Timur 1','-8.396299741738005','115.6995957076312',642,1,2,'used','Zone Plan daerah Desa Seraya Barat','2023-04-14 17:18:21','2023-04-14 09:18:21',NULL),
(4,51,7,705,497,'Ababi','-8.400375435618203','115.58737271010638',290,2,2,'used',NULL,'2023-02-04 03:45:34','2023-02-03 19:45:34',NULL),
(6,51,7,708,533,'Tulamben','-8.283776784611558','115.59719977460378',640,1,1,'used','Zone Plan desa tulamben','2023-03-18 22:57:10','2023-03-18 14:57:10',NULL),
(7,51,7,704,492,'Seraya Barat 1','-8.439862138683022','115.63816825638409',340,1,1,'used',NULL,'2023-02-01 16:46:49','2023-02-01 08:46:49',NULL),
(8,51,7,705,497,'Daerah Wisata','-8.412389992325839','115.58694369032985',258,0,0,'terlarang','Daerah Wisata Tirta Gangga','2023-02-12 01:25:12','2023-02-11 17:25:12',NULL),
(9,51,7,707,521,'Duda 1','-8.443703898036212','115.49347791495163',701,3,2,'available','zone plan daerah duda','2023-04-24 17:09:31','2023-04-24 09:09:31',NULL),
(10,51,7,705,504,'Culik1','-8.33936574776549','115.61596631834671',77,1,1,'used','Desa culik, Kecamatan Abang daerah tanah rata','2023-04-12 00:53:02','2023-04-11 16:53:02',NULL),
(11,51,7,705,506,'Kerta Mandala 1','-8.353197360442246','115.61444742666696',99,1,0,'available','Daerah desa dengan tanah yang datar','2023-04-14 09:10:22','2023-04-14 09:10:22',NULL),
(12,51,7,705,499,'Amed 1','-8.334182581734062','115.64253510334949',62,1,0,'available','daerah dekat pesisir pantai','2023-04-14 09:13:49','2023-04-14 09:13:49',NULL),
(13,51,7,704,493,'Seraya Timur 1','-8.420201377062739','115.68416838393613',105,1,0,'available','Daerah rerumputan dengan tanah datar','2023-04-14 09:17:51','2023-04-14 09:17:51',NULL),
(14,51,7,704,486,'Bugbug 1','-8.495133817932151','115.58925032615663',125,1,1,'used','Daerah dekat perumahan','2023-05-04 00:21:32','2023-05-03 16:21:32',NULL),
(15,51,7,703,477,'Manggis 1','-8.483503850135019','115.5254567250099',110,1,0,'available','daerah dekat perumahan di perbukitan','2023-04-14 09:25:27','2023-04-14 09:25:27',NULL),
(16,51,7,703,477,'Manggis 2','-8.49071177244304','115.52215977884961',114,1,1,'used','Daerah dekat perumahan','2023-05-11 00:34:45','2023-05-10 16:34:45',NULL),
(17,51,7,704,487,'Jasri 1','-8.475152552014867','115.61501558401896',100,1,0,'available','daerah dekat dengan sungai','2023-04-14 09:34:29','2023-04-14 09:34:29',NULL),
(18,51,7,706,514,'Sibetan 1','-8.440312844301937','115.5390927014549',123,1,1,'used','daerah dekat sawah','2023-04-24 17:37:54','2023-04-24 09:37:54',NULL),
(19,51,7,703,478,'Candi Dasa 1','-8.506691976016205','115.56526557766956',146,1,1,'used','Dekat dengan daerah wisata','2023-05-04 00:40:18','2023-05-03 16:40:18',NULL),
(20,51,7,703,485,'Sengkidu 1','-8.497984303344829','115.5407067364551',104,1,1,'used','Dekat dengan perumahan dan tanah landai','2023-05-04 00:13:58','2023-05-03 16:13:58',NULL),
(21,51,7,701,462,'Pempatan 1','-8.375608915688932','115.41783323828459',107,1,1,'used','daerah dataran tinggi','2023-04-24 17:49:29','2023-04-24 09:49:29',NULL),
(22,51,7,701,461,'Besakih 1','-8.374766479152552','115.43792551279212',124,1,1,'used','daerah dataran tinggi','2023-05-11 23:10:35','2023-05-11 15:10:35',NULL),
(23,51,7,701,459,'Rendang 1','-8.427272514402635','115.4223507266409',143,1,1,'used','daerah dataran tinggi','2023-05-01 19:09:21','2023-05-01 11:09:21',NULL),
(24,51,7,701,460,'Menanga 1','-8.408731170716266','115.41833658714435',124,1,1,'used','daerah dataran tinggi dekat dengan perumahan','2023-04-24 18:01:28','2023-04-24 10:01:28',NULL),
(25,51,7,702,470,'Tri Eka Buana 1','-8.495465581203277','115.44285418395171',133,1,1,'used','daerah dekat dengan sungai','2023-04-24 17:53:22','2023-04-24 09:53:22',NULL),
(26,51,7,702,466,'Sidemen 1','-8.468332002737416','115.44814252595334',171,1,1,'used','daerah dataran tinggi','2023-05-04 00:47:59','2023-05-03 16:47:59',NULL),
(27,51,7,702,473,'wismakerta','-8.493446645552902','115.42137085101152',106,1,0,'available','daerah perumahan warga','2023-04-15 02:53:30','2023-04-15 02:53:30',NULL),
(28,51,7,701,462,'Pempatan 2','-8.363841258051554','115.41711691912585',100,1,0,'available','derah dekat dengan perumahan warga','2023-04-15 03:12:39','2023-04-15 03:12:39',NULL),
(29,51,7,702,465,'Talibeng 1','-8.489682480201198','115.45442794649558',108,1,1,'used','daerah  perbukitan','2023-05-04 00:28:34','2023-05-03 16:28:34',NULL),
(30,51,7,702,468,'Telaga Tawang 1','-8.479280471733723','115.45679206455323',100,1,1,'used','daerah dataran tinggi','2023-05-01 20:27:00','2023-05-01 12:27:00',NULL),
(31,51,7,703,480,'Ngis 1','-8.48001266880292','115.54748290286177',110,1,1,'used','Dekat daerah persawahan','2023-05-01 18:27:09','2023-05-01 10:27:09',NULL),
(32,51,7,706,513,'Bebandem 1','-8.4351656818766','115.55643082001492',112,1,2,'used','Dearah dekat dengan warga','2023-05-01 18:43:04','2023-05-01 10:43:04',NULL),
(33,51,7,706,512,'Budekeling 1','-8.426436574437107','115.56718655891332',107,1,1,'used','Daerah dataran tinggi','2023-05-11 00:36:18','2023-05-10 16:36:18',NULL),
(34,51,7,706,513,'Bebandem 2','-8.44348600921992','115.56313632909408',99,1,1,'used','Daerah dekat dengan perumahan','2023-05-01 19:51:00','2023-05-01 11:51:00',NULL),
(35,51,7,706,518,'Macang 1','-8.441066340673844','115.52785996323355',112,1,0,'available','daerah perbukitan','2023-04-17 07:18:07','2023-04-17 07:18:07',NULL),
(36,51,7,707,523,'Duda Utara 1','-8.430633999638406','115.49618860404756',137,1,1,'used','Daerah dataran tinggi','2023-05-04 00:45:02','2023-05-03 16:45:02',NULL),
(37,51,7,707,525,'Peringsari 1','-8.435887350020774','115.48004157792586',101,1,1,'used','Daerah dengan tanah datar','2023-05-11 00:47:31','2023-05-10 16:47:31',NULL),
(38,51,7,707,522,'Sebudi 1','-8.4007497352741','115.48386416856788',114,1,0,'available','Daerah dataran tinggi','2023-04-17 07:57:32','2023-04-17 07:57:32',NULL),
(39,51,7,707,524,'Duda Timur 1','-8.446255874329403','115.5049217958514',98,1,1,'used','Daerah dekat perumahan','2023-05-04 00:51:07','2023-05-03 16:51:07',NULL),
(40,51,7,708,528,'Dukuh 1','-8.280867743788157','115.54650654572404',113,1,1,'used','Daerah tanah kering','2023-05-01 18:23:13','2023-05-01 10:23:13',NULL),
(41,51,7,708,534,'Baturinggit 1','-8.246042522582469','115.55969243664494',111,1,0,'available','Daerah tanah kering','2023-04-17 08:02:14','2023-04-17 08:02:14',NULL),
(42,51,7,708,529,'Kubu 1','-8.264963191859698','115.56856513696285',141,1,1,'used','Daerah dengan tanah kering','2023-05-01 18:58:30','2023-05-01 10:58:30',NULL),
(43,51,7,708,533,'Tulamben 2','-8.283873000238595','115.57729390249095',112,1,0,'available','Daerah tanah kering','2023-04-17 08:04:30','2023-04-17 08:04:30',NULL),
(44,51,7,704,492,'Daerah Wisata Taman Ujung','-8.464668073462752','115.63030954138227',448,0,0,'terlarang','Daerah wisata','2023-05-09 05:32:54','2023-05-09 05:32:54',NULL),
(45,51,7,705,497,'Lahan Hijau','-8.415319280066617','115.5924802710511',424,0,0,'terlarang','Daerah Lahan Hijau','2023-05-09 19:16:39','2023-05-09 19:16:39',NULL),
(46,51,7,703,479,'Tenganan','-8.47522749696779','115.56669601959388',353,0,0,'terlarang','Derah wisata dan budaya','2023-05-09 19:17:54','2023-05-09 19:17:54',NULL);

/*Table structure for table `tb_menara` */

DROP TABLE IF EXISTS `tb_menara`;

CREATE TABLE `tb_menara` (
  `id` int(11) NOT NULL AUTO_INCREMENT,
  `id_provinsi` int(11) DEFAULT NULL,
  `id_kabupaten` int(11) DEFAULT NULL,
  `id_kecamatan` int(11) DEFAULT NULL,
  `id_desa` int(11) DEFAULT NULL,
  `id_pemilik_menara` int(11) DEFAULT NULL,
  `id_zonePlan` int(11) DEFAULT NULL,
  `no_menara` varchar(10) DEFAULT NULL,
  `foto` varchar(255) DEFAULT NULL,
  `tanggal_pembuatan` date DEFAULT NULL,
  `lat` varchar(255) DEFAULT NULL,
  `long` varchar(255) DEFAULT NULL,
  `jenis_menara` enum('Menara 4 Kaki','Menara 3 Kaki','Menara 1 Kaki') DEFAULT NULL,
  `tinggi_menara` varchar(255) DEFAULT NULL,
  `tinggi_antena` varchar(255) DEFAULT NULL,
  `luas_area` varchar(255) DEFAULT NULL,
  `akses_jalan` varchar(255) DEFAULT NULL,
  `file_suratIzinPembangunan` varchar(255) DEFAULT NULL,
  `file_suratIzinOperasional` varchar(255) DEFAULT NULL,
  `created_at` timestamp NOT NULL DEFAULT current_timestamp() ON UPDATE current_timestamp(),
  `updated_at` timestamp NULL DEFAULT NULL,
  `deleted_at` timestamp NULL DEFAULT NULL,
  PRIMARY KEY (`id`),
  KEY `id_provinsi` (`id_provinsi`),
  KEY `id_kabupaten` (`id_kabupaten`),
  KEY `id_kecamatan` (`id_kecamatan`),
  KEY `id_desa` (`id_desa`),
  KEY `id_pemilik_menara` (`id_pemilik_menara`),
  CONSTRAINT `tb_menara_ibfk_1` FOREIGN KEY (`id_provinsi`) REFERENCES `tb_m_provinsi` (`id`),
  CONSTRAINT `tb_menara_ibfk_2` FOREIGN KEY (`id_kabupaten`) REFERENCES `tb_m_kabupaten` (`id`),
  CONSTRAINT `tb_menara_ibfk_3` FOREIGN KEY (`id_kecamatan`) REFERENCES `tb_m_kecamatan` (`id`),
  CONSTRAINT `tb_menara_ibfk_4` FOREIGN KEY (`id_desa`) REFERENCES `tb_m_desa` (`id`),
  CONSTRAINT `tb_menara_ibfk_5` FOREIGN KEY (`id_pemilik_menara`) REFERENCES `tb_pemilik_menara` (`id`)
) ENGINE=InnoDB AUTO_INCREMENT=44 DEFAULT CHARSET=latin1 COLLATE=latin1_swedish_ci;

/*Data for the table `tb_menara` */

insert  into `tb_menara`(`id`,`id_provinsi`,`id_kabupaten`,`id_kecamatan`,`id_desa`,`id_pemilik_menara`,`id_zonePlan`,`no_menara`,`foto`,`tanggal_pembuatan`,`lat`,`long`,`jenis_menara`,`tinggi_menara`,`tinggi_antena`,`luas_area`,`akses_jalan`,`file_suratIzinPembangunan`,`file_suratIzinOperasional`,`created_at`,`updated_at`,`deleted_at`) values 
(12,51,7,705,497,16,4,'161','/storage/Menara/12/FotoMenara.jpeg','2023-01-08','-8.401762515031399','115.58721184730531','Menara 4 Kaki','70','2','200','Jalan Setapak','/storage/Menara/12/Pembangunan.pdf','/storage/Menara/12/Operasional.pdf','2023-02-04 03:41:12','2023-01-08 09:50:22',NULL),
(15,51,7,704,492,17,7,'171','/storage/Menara/15/FotoMenara.jpg','2023-05-08','-8.441052411616912','115.63937544822694','Menara 4 Kaki','75','2','200','Aspal','/storage/Menara/15/Pembangunan.pdf','/storage/Menara/15/Operasional.pdf','2023-05-11 23:07:35','2023-05-11 15:07:02',NULL),
(16,51,7,705,497,17,4,'172','/storage/Menara/16/FotoMenara.jpg','2023-03-15','-8.398691497299039','115.58898746967317','Menara 4 Kaki','73','2','300','Jalan Setapak','/storage/Menara/16/Pembangunan.pdf','/storage/Menara/16/Operasional.pdf','2023-03-02 17:50:19','2023-03-02 09:50:19',NULL),
(17,51,7,707,521,19,9,'191','/storage/Menara/17/FotoMenara.jpeg','2023-04-09','-8.44208879840787','115.4922240972519','Menara 4 Kaki','10','20','500','Beton','/storage/Menara/17/Pembangunan.pdf','/storage/Menara/17/Operasional.pdf','2023-03-14 18:18:22','2023-03-14 10:18:22',NULL),
(18,51,7,704,492,19,1,'192',NULL,NULL,'-8.398776739181956','115.70292234420778','Menara 4 Kaki','70','1','100','jalan setapak',NULL,NULL,'2023-03-18 14:50:22','2023-03-18 14:50:22',NULL),
(19,51,7,708,533,18,6,'181','/storage/Menara/19/FotoMenara.jpg','2023-05-02','-8.285659952401481','115.59941053390504','Menara 4 Kaki','72','2','150','aspal','/storage/Menara/19/Pembangunan.pdf','/storage/Menara/19/Operasional.pdf','2023-05-11 23:08:53','2023-05-11 15:08:53',NULL),
(20,51,7,704,492,17,1,'173','/storage/Menara/20/FotoMenara.jpg','2023-04-26','-8.396561770870875','115.70368409156801','Menara 4 Kaki','69','1','200','Setapak','/storage/Menara/20/Pembangunan.pdf','/storage/Menara/20/Operasional.pdf','2023-05-11 23:08:09','2023-05-11 15:08:09',NULL),
(21,51,7,705,504,16,10,'162','/storage/Menara/21/FotoMenara.jpg','2023-05-09','-8.339370060269022','115.6156834959984','Menara 4 Kaki','70','2','200','aspal','/storage/Menara/21/Pembangunan.pdf','/storage/Menara/21/Operasional.pdf','2023-05-11 23:02:47','2023-05-11 15:02:47',NULL),
(22,51,7,701,462,16,21,'163','/storage/Menara/22/FotoMenara.jpg','2023-05-04','-8.37566953389876','115.41727244853975','Menara 3 Kaki','60','1','100','Jalan Setapak','/storage/Menara/22/Pembangunan.pdf','/storage/Menara/22/Operasional.pdf','2023-05-11 23:03:25','2023-05-11 15:03:25',NULL),
(23,51,7,706,514,16,18,'164','/storage/Menara/23/FotoMenara.jpg','2023-05-06','-8.441059376145448','115.53913056850435','Menara 4 Kaki','73','1','320','Aspal','/storage/Menara/23/Pembangunan.pdf','/storage/Menara/23/Operasional.pdf','2023-05-11 23:03:45','2023-05-11 15:03:45',NULL),
(24,51,7,702,470,16,25,'165','/storage/Menara/24/FotoMenara.jpg','2023-04-30','-8.495878419655721','115.44268101453783','Menara 3 Kaki','50','1','130','Aspal','/storage/Menara/24/Pembangunan.pdf','/storage/Menara/24/Operasional.pdf','2023-05-11 23:04:59','2023-05-11 15:04:59',NULL),
(25,51,7,701,460,16,24,'166','/storage/Menara/25/FotoMenara.jpg','2023-05-02','-8.40857279733796','115.41777670383455','Menara 3 Kaki','55','1','120','jalan aspal','/storage/Menara/25/Pembangunan.pdf','/storage/Menara/25/Operasional.pdf','2023-05-11 23:05:36','2023-05-11 15:05:36',NULL),
(26,51,7,707,521,16,9,'167','/storage/Menara/26/FotoMenara.jpg','2023-05-10','-8.440076049803942','115.49277663230897','Menara 4 Kaki','70','2','200','Jalan Setapak','/storage/Menara/26/Pembangunan.pdf','/storage/Menara/26/Operasional.pdf','2023-05-11 23:06:08','2023-05-11 15:06:08',NULL),
(27,51,7,708,528,19,40,'193',NULL,NULL,'-8.280428963809916','115.54587095975877','Menara 4 Kaki','73','1','153','Jalan Bertanah',NULL,NULL,'2023-05-04 15:22:14','2023-05-04 15:22:14',NULL),
(28,51,7,703,480,19,31,'194',NULL,NULL,'-8.480041021514637','115.54735690355304','Menara 3 Kaki','57','1','140','Aspal',NULL,NULL,'2023-05-04 15:22:25','2023-05-04 15:22:25',NULL),
(29,51,7,706,513,20,32,'201','/storage/Menara/29/FotoMenara.jpg','2023-03-08','-8.435889174088361','115.55653005838396','Menara 4 Kaki','75','1','160','Jalan Setapak','/storage/Menara/29/Pembangunan.pdf','/storage/Menara/29/Operasional.pdf','2023-05-11 23:11:52','2023-05-11 15:11:52',NULL),
(30,51,7,708,529,20,42,'202','/storage/Menara/30/FotoMenara.jpg','2023-01-24','-8.264306737065608','115.5676826834679','Menara 4 Kaki','72','1','172','Jalan Tanah','/storage/Menara/30/Pembangunan.pdf','/storage/Menara/30/Operasional.pdf','2023-05-11 23:12:24','2023-05-11 15:12:24',NULL),
(31,51,7,701,459,20,23,'203','/storage/Menara/31/FotoMenara.jpeg','2023-03-23','-8.427680285295306','115.42198777198793','Menara 4 Kaki','71','1','190','Jalan tanah','/storage/Menara/31/Pembangunan.pdf','/storage/Menara/31/Operasional.pdf','2023-05-11 23:13:12','2023-05-11 15:13:12',NULL),
(32,51,7,706,513,21,34,'211','/storage/Menara/32/FotoMenara.jpg','2023-01-18','-8.443678859068912','115.5627152323723','Menara 4 Kaki','69','1','168','Jalan Setapak','/storage/Menara/32/Pembangunan.pdf','/storage/Menara/32/Operasional.pdf','2023-05-11 23:13:57','2023-05-11 15:13:57',NULL),
(33,51,7,702,468,21,30,'212','/storage/Menara/33/FotoMenara.jpeg','2023-03-29','-8.479356576521226','115.4572293162346','Menara 4 Kaki','70','1','160','Jalan aspal','/storage/Menara/33/Pembangunan.pdf','/storage/Menara/33/Operasional.pdf','2023-05-11 23:14:50','2023-05-11 15:14:50',NULL),
(34,51,7,703,485,22,20,'221','/storage/Menara/34/FotoMenara.jpeg','2023-02-03','-8.49772657092685','115.54022490978242','Menara 4 Kaki','69','1','100','Jalan Setapak','/storage/Menara/34/Pembangunan.pdf','/storage/Menara/34/Operasional.pdf','2023-05-11 23:15:33','2023-05-11 15:15:33',NULL),
(35,51,7,704,486,22,14,'222','/storage/Menara/35/FotoMenara.jpeg','2023-05-27','-8.495133817932151','115.58925032615663','Menara 4 Kaki','71','1','123','jalan tanah','/storage/Menara/35/Pembangunan.pdf','/storage/Menara/35/Operasional.pdf','2023-05-11 23:16:19','2023-05-11 15:16:19',NULL),
(36,51,7,702,465,22,29,'223','/storage/Menara/36/FotoMenara.jpeg','2023-04-06','-8.49023857690016','115.45482605695726','Menara 4 Kaki','76','1','150','jalan aspal','/storage/Menara/36/Pembangunan.pdf','/storage/Menara/36/Operasional.pdf','2023-05-11 23:16:49','2023-05-11 15:16:49',NULL),
(37,51,7,703,478,25,19,'251','/storage/Menara/37/FotoMenara.jpg','2023-01-11','-8.507202123226339','115.56552350521089','Menara 4 Kaki','80','1','120','jalan aspal','/storage/Menara/37/Pembangunan.pdf','/storage/Menara/37/Operasional.pdf','2023-05-11 23:21:26','2023-05-11 15:21:26',NULL),
(38,51,7,707,523,24,36,'241','/storage/Menara/38/FotoMenara.jpg','2023-03-25','-8.431221356941975','115.49621522426607','Menara 4 Kaki','70','1','100','jalan setapak','/storage/Menara/38/Pembangunan.pdf','/storage/Menara/38/Operasional.pdf','2023-05-11 23:19:35','2023-05-11 15:19:35',NULL),
(39,51,7,702,466,24,26,'242','/storage/Menara/39/FotoMenara.jpeg','2023-03-22','-8.467685507545983','115.44870793819429','Menara 4 Kaki','69','1','130','jalan tanah','/storage/Menara/39/Pembangunan.pdf','/storage/Menara/39/Operasional.pdf','2023-05-11 23:20:17','2023-05-11 15:20:17',NULL),
(40,51,7,707,524,23,39,'231','/storage/Menara/40/FotoMenara.jpg','2023-05-19','-8.446896270149827','115.50472319126129','Menara 4 Kaki','71','1','140','jalan setapak','/storage/Menara/40/Pembangunan.pdf','/storage/Menara/40/Operasional.pdf','2023-05-11 23:17:44','2023-05-11 15:17:44',NULL),
(41,51,7,703,477,23,16,'232','/storage/Menara/41/FotoMenara.jpeg','2023-02-09','-8.49114766228498','115.52239358425142','Menara 4 Kaki','70','1','142','Jalan Setapak','/storage/Menara/41/Pembangunan.pdf','/storage/Menara/41/Operasional.pdf','2023-05-11 23:18:12','2023-05-11 15:18:12',NULL),
(42,51,7,706,512,23,33,'233','/storage/Menara/42/FotoMenara.jpg','2023-03-17','-8.426052847372969','115.5672723054886','Menara 4 Kaki','72','1','130','Jalan Setapak','/storage/Menara/42/Pembangunan.pdf','/storage/Menara/42/Operasional.pdf','2023-05-11 23:18:47','2023-05-11 15:18:47',NULL),
(43,51,7,707,525,25,37,'252','/storage/Menara/43/FotoMenara.webp','2023-02-04','-8.436403892453374','115.48052698373796','Menara 4 Kaki','68','1','120','Jalan Setapak','/storage/Menara/43/Pembangunan.pdf','/storage/Menara/43/Operasional.pdf','2023-05-11 23:22:03','2023-05-11 15:22:03',NULL);

/*Table structure for table `tb_opd` */

DROP TABLE IF EXISTS `tb_opd`;

CREATE TABLE `tb_opd` (
  `id` int(11) NOT NULL AUTO_INCREMENT,
  `opd` varchar(255) DEFAULT NULL,
  `created_at` timestamp NOT NULL DEFAULT current_timestamp() ON UPDATE current_timestamp(),
  `updated_at` timestamp NULL DEFAULT NULL,
  `deleted_at` timestamp NULL DEFAULT NULL,
  PRIMARY KEY (`id`)
) ENGINE=InnoDB AUTO_INCREMENT=5 DEFAULT CHARSET=latin1 COLLATE=latin1_swedish_ci;

/*Data for the table `tb_opd` */

insert  into `tb_opd`(`id`,`opd`,`created_at`,`updated_at`,`deleted_at`) values 
(3,'Dinas Lingkungan','2022-12-16 21:38:23',NULL,NULL),
(4,'Dinas Kominfo','2022-12-16 21:38:29',NULL,NULL);

/*Table structure for table `tb_pemilik_menara` */

DROP TABLE IF EXISTS `tb_pemilik_menara`;

CREATE TABLE `tb_pemilik_menara` (
  `id` int(11) NOT NULL AUTO_INCREMENT,
  `id_user` bigint(20) DEFAULT NULL,
  `id_perusahaan` int(11) DEFAULT NULL,
  `id_provinsi` int(11) DEFAULT NULL,
  `id_kabupaten` int(11) DEFAULT NULL,
  `id_kecamatan` int(11) DEFAULT NULL,
  `id_desa` int(11) DEFAULT NULL,
  `nama` varchar(255) DEFAULT NULL,
  `no_ktp` varchar(255) DEFAULT NULL,
  `NPWP` varchar(255) DEFAULT NULL,
  `Kewarganegaraan` enum('WNI','WNA') DEFAULT NULL,
  `alamat` varchar(255) DEFAULT NULL,
  `no_telp` varchar(13) DEFAULT NULL,
  `email` varchar(255) DEFAULT NULL,
  `created_at` timestamp NULL DEFAULT NULL,
  `updated_at` timestamp NULL DEFAULT NULL,
  `deleted_at` timestamp NULL DEFAULT NULL,
  PRIMARY KEY (`id`),
  KEY `id_perusahaan` (`id_perusahaan`),
  KEY `id_provinsi` (`id_provinsi`),
  KEY `id_kabupaten` (`id_kabupaten`),
  KEY `id_kecamatan` (`id_kecamatan`),
  KEY `id_desa` (`id_desa`),
  KEY `id_user` (`id_user`),
  CONSTRAINT `tb_pemilik_menara_ibfk_1` FOREIGN KEY (`id_perusahaan`) REFERENCES `tb_perusahaan` (`id`),
  CONSTRAINT `tb_pemilik_menara_ibfk_2` FOREIGN KEY (`id_provinsi`) REFERENCES `tb_m_provinsi` (`id`),
  CONSTRAINT `tb_pemilik_menara_ibfk_3` FOREIGN KEY (`id_kabupaten`) REFERENCES `tb_m_kabupaten` (`id`),
  CONSTRAINT `tb_pemilik_menara_ibfk_4` FOREIGN KEY (`id_kecamatan`) REFERENCES `tb_m_kecamatan` (`id`),
  CONSTRAINT `tb_pemilik_menara_ibfk_5` FOREIGN KEY (`id_desa`) REFERENCES `tb_m_desa` (`id`),
  CONSTRAINT `tb_pemilik_menara_ibfk_6` FOREIGN KEY (`id_user`) REFERENCES `tb_user` (`id`)
) ENGINE=InnoDB AUTO_INCREMENT=26 DEFAULT CHARSET=latin1 COLLATE=latin1_swedish_ci;

/*Data for the table `tb_pemilik_menara` */

insert  into `tb_pemilik_menara`(`id`,`id_user`,`id_perusahaan`,`id_provinsi`,`id_kabupaten`,`id_kecamatan`,`id_desa`,`nama`,`no_ktp`,`NPWP`,`Kewarganegaraan`,`alamat`,`no_telp`,`email`,`created_at`,`updated_at`,`deleted_at`) values 
(16,52,16,51,9,901,685,'Agus Aditya','0123456789','9876543210','WNI','Jln. Pulau Kawe','08123456789','jisnubagas@student.unud.ac.id','2023-01-08 09:10:09','2023-01-08 09:18:41',NULL),
(17,53,17,51,7,705,497,'Tyagi Jisnu','123456789','546481','WNI','Jl. Lettu Dugdugan','081321321321','tyagijisnubagas222@gmail.com','2023-01-08 09:52:16','2023-01-08 09:54:18',NULL),
(18,54,18,51,7,704,487,'Tyagi Jisnu','0132213132132132','20','WNI','sad','03','bagasjisnu@gmail.com','2023-03-02 09:41:44','2023-03-02 09:45:15',NULL),
(19,55,19,51,7,704,488,'Gustiagus Umbu Aldi Putra','510704090400056','-','WNI','Lingkungan Kertasari, Kelurahan Padangkerta','082145533403','umbuputraworkspace@gmail.com','2023-03-14 09:40:52','2023-03-14 09:47:41',NULL),
(20,58,20,51,3,306,255,'Bima Ardianto','012321','46168187','WNI','Jl. Canggu','786213','bima123@gmail.com','2023-04-17 08:08:20','2023-04-18 03:10:46',NULL),
(21,59,21,51,3,305,250,'Bagas Perdana','456654','16152','WNI','Jln. Udayana','0231518498','BagasPerdana@gmail.com','2023-04-17 08:13:44','2023-04-19 04:57:57',NULL),
(22,60,22,51,7,703,477,'Nabila Milena','321321','21531','WNI','Jl. Raya Manggis','15618','NabilaMilena@gmail.com','2023-04-17 14:41:33','2023-04-19 05:03:46',NULL),
(23,61,25,51,9,903,717,'Aditya Mahya','74147','56151','WNI','jalan buana raya  no 29X','5161','AdityaMahya@gmail.com','2023-04-17 14:46:01','2023-04-19 11:41:29',NULL),
(24,62,23,51,5,503,365,'Arsen Daniswara','653289','135','WNI','Jl. Raya Semarapura','6561','ArsenDaniswara@gmail.com','2023-04-17 14:48:02','2023-05-03 16:41:28',NULL),
(25,63,24,51,2,205,113,'Mahesa Putra','978645213','15164','WNI','Jl. sudirman','51468','MahesaPutra@gmail.com','2023-04-17 14:49:09','2023-04-19 05:14:42',NULL);

/*Table structure for table `tb_pengajuan_menara` */

DROP TABLE IF EXISTS `tb_pengajuan_menara`;

CREATE TABLE `tb_pengajuan_menara` (
  `id` int(11) NOT NULL AUTO_INCREMENT,
  `id_pemilik_menara` int(11) DEFAULT NULL,
  `id_provinsi` int(11) DEFAULT NULL,
  `id_kabupaten` int(11) DEFAULT NULL,
  `id_kecamatan` int(11) DEFAULT NULL,
  `id_desa` int(11) DEFAULT NULL,
  `id_zonePlan` int(11) DEFAULT NULL,
  `kode_registrasi` int(10) DEFAULT NULL,
  `lat` varchar(255) DEFAULT NULL,
  `long` varchar(255) DEFAULT NULL,
  `jenis_menara` enum('Menara 4 Kaki','Menara 3 Kaki','Menara 1 Kaki') DEFAULT NULL,
  `tinggi_menara` varchar(255) DEFAULT NULL,
  `tinggi_antena` varchar(255) DEFAULT NULL,
  `luas_area` varchar(255) DEFAULT NULL,
  `akses_jalan` varchar(255) DEFAULT NULL,
  `status_lahan` enum('sewa','milik perusahaan') DEFAULT NULL,
  `kepemilikan_tanah` varchar(255) DEFAULT NULL,
  `jumlah_pendamping` int(10) DEFAULT NULL,
  `tanggal` date DEFAULT NULL,
  `file_rekomendasiPembangunanMenara` varchar(255) DEFAULT NULL,
  `status` enum('draft','diajukan') DEFAULT NULL,
  `created_at` timestamp NOT NULL DEFAULT current_timestamp() ON UPDATE current_timestamp(),
  `updated_at` timestamp NULL DEFAULT NULL,
  `deleted_at` timestamp NULL DEFAULT NULL,
  PRIMARY KEY (`id`),
  KEY `id_pemilik_menara` (`id_pemilik_menara`),
  KEY `id_provinsi` (`id_provinsi`),
  KEY `id_kabupaten` (`id_kabupaten`),
  KEY `id_kecamatan` (`id_kecamatan`),
  KEY `id_desa` (`id_desa`),
  CONSTRAINT `tb_pengajuan_menara_ibfk_1` FOREIGN KEY (`id_pemilik_menara`) REFERENCES `tb_pemilik_menara` (`id`),
  CONSTRAINT `tb_pengajuan_menara_ibfk_2` FOREIGN KEY (`id_provinsi`) REFERENCES `tb_m_provinsi` (`id`),
  CONSTRAINT `tb_pengajuan_menara_ibfk_3` FOREIGN KEY (`id_kabupaten`) REFERENCES `tb_m_kabupaten` (`id`),
  CONSTRAINT `tb_pengajuan_menara_ibfk_4` FOREIGN KEY (`id_kecamatan`) REFERENCES `tb_m_kecamatan` (`id`),
  CONSTRAINT `tb_pengajuan_menara_ibfk_5` FOREIGN KEY (`id_desa`) REFERENCES `tb_m_desa` (`id`)
) ENGINE=InnoDB AUTO_INCREMENT=43 DEFAULT CHARSET=latin1 COLLATE=latin1_swedish_ci;

/*Data for the table `tb_pengajuan_menara` */

insert  into `tb_pengajuan_menara`(`id`,`id_pemilik_menara`,`id_provinsi`,`id_kabupaten`,`id_kecamatan`,`id_desa`,`id_zonePlan`,`kode_registrasi`,`lat`,`long`,`jenis_menara`,`tinggi_menara`,`tinggi_antena`,`luas_area`,`akses_jalan`,`status_lahan`,`kepemilikan_tanah`,`jumlah_pendamping`,`tanggal`,`file_rekomendasiPembangunanMenara`,`status`,`created_at`,`updated_at`,`deleted_at`) values 
(8,16,51,7,705,497,NULL,1,'-8.401762515031399','115.58721184730531','Menara 4 Kaki','70','2','200','Jalan Setapak','milik perusahaan','PT. A',2,'2023-01-08','/storage/Pengajuan/8/FileSurat/RekomendasiPembangunanMenara.pdf','diajukan','2023-01-08 17:45:47','2023-01-08 09:45:47',NULL),
(11,17,51,7,704,492,7,2,'-8.441052411616912','115.63937544822694','Menara 4 Kaki','75','2','200','Aspal','milik perusahaan','PT. Bintang',1,'2023-02-01','/storage/Pengajuan/11/FileSurat/RekomendasiPembangunanMenara.pdf','diajukan','2023-02-02 17:33:13','2023-02-02 09:33:13',NULL),
(12,17,51,7,708,533,6,3,'-8.286509299265775','115.59825181961061','Menara 4 Kaki','74','2','200','aspal','milik perusahaan','Pt. Bintang',NULL,'2023-02-02',NULL,'diajukan','2023-02-02 09:55:10','2023-02-02 09:55:10',NULL),
(13,17,51,7,705,497,4,4,'-8.398691497299039','115.58898746967317','Menara 4 Kaki','73','2','300','Jalan Setapak','milik perusahaan','PT. Bintang',1,'2023-02-03','/storage/Pengajuan/13/FileSurat/RekomendasiPembangunanMenara.pdf','diajukan','2023-02-04 03:47:33','2023-02-03 19:47:33',NULL),
(14,17,51,7,704,492,1,5,'-8.396561770870875','115.70368409156801','Menara 4 Kaki','69','1','200','Setapak','milik perusahaan','PT. Bintang',1,'2023-03-02','/storage/Pengajuan/14/FileSurat/RekomendasiPembangunanMenara.pdf','diajukan','2023-04-14 15:03:12','2023-04-14 07:03:12',NULL),
(15,19,51,7,707,521,9,6,'-8.44208879840787','115.4922240972519','Menara 4 Kaki','10','20','500','Beton','milik perusahaan','PT Telefonica Komunikasi',1,'2023-03-14','/storage/Pengajuan/15/FileSurat/RekomendasiPembangunanMenara.pdf','diajukan','2023-03-14 18:16:50','2023-03-14 10:16:50',NULL),
(16,19,51,7,704,492,1,7,'-8.398776739181956','115.70292234420778','Menara 4 Kaki','70','1','100','jalan setapak','milik perusahaan','PT Telefonica co',NULL,'2023-03-18','/storage/Pengajuan/16/FileSurat/RekomendasiPembangunanMenara.pdf','diajukan','2023-03-18 22:50:22','2023-03-18 14:50:22',NULL),
(17,18,51,7,708,533,6,8,'-8.285659952401481','115.59941053390504','Menara 4 Kaki','72','2','150','aspal','milik perusahaan','PT Sakura',NULL,'2023-03-18','/storage/Pengajuan/17/FileSurat/RekomendasiPembangunanMenara.pdf','diajukan','2023-03-18 23:00:05','2023-03-18 15:00:05',NULL),
(18,16,51,7,705,504,10,9,'-8.339370060269022','115.6156834959984','Menara 4 Kaki','70','2','200','aspal','milik perusahaan','PT. Asri',1,'2023-04-11','/storage/Pengajuan/18/FileSurat/RekomendasiPembangunanMenara.pdf','diajukan','2023-04-14 15:03:29','2023-04-14 07:03:29',NULL),
(19,16,51,7,701,462,21,10,'-8.37566953389876','115.41727244853975','Menara 3 Kaki','60','1','100','Jalan Setapak','sewa','Dewa Satya',NULL,'2023-04-24','/storage/Pengajuan/19/FileSurat/RekomendasiPembangunanMenara.pdf','diajukan','2023-05-04 23:21:10','2023-05-04 15:21:10',NULL),
(20,16,51,7,706,514,18,11,'-8.441059376145448','115.53913056850435','Menara 4 Kaki','73','1','320','Aspal','milik perusahaan','PT. Astri',NULL,'2023-04-24','/storage/Pengajuan/20/FileSurat/RekomendasiPembangunanMenara.pdf','diajukan','2023-05-04 23:21:22','2023-05-04 15:21:22',NULL),
(21,16,51,7,702,470,25,12,'-8.495878419655721','115.44268101453783','Menara 3 Kaki','50','1','130','Aspal','milik perusahaan','PT. Astri',NULL,'2023-04-24','/storage/Pengajuan/21/FileSurat/RekomendasiPembangunanMenara.pdf','diajukan','2023-05-04 23:21:38','2023-05-04 15:21:38',NULL),
(22,16,51,7,701,460,24,13,'-8.40857279733796','115.41777670383455','Menara 3 Kaki','55','1','120','jalan aspal','milik perusahaan','PT. Astri',NULL,'2023-04-24','/storage/Pengajuan/22/FileSurat/RekomendasiPembangunanMenara.pdf','diajukan','2023-05-04 23:21:49','2023-05-04 15:21:49',NULL),
(23,16,51,7,707,521,9,14,'-8.440076049803942','115.49277663230897','Menara 4 Kaki','70','2','200','Jalan Setapak','milik perusahaan','PT. Asri',1,'2023-04-24','/storage/Pengajuan/23/FileSurat/RekomendasiPembangunanMenara.pdf','diajukan','2023-05-04 23:22:02','2023-05-04 15:22:02',NULL),
(24,19,51,7,708,528,40,15,'-8.280428963809916','115.54587095975877','Menara 4 Kaki','73','1','153','Jalan Bertanah','milik perusahaan','PT. Telefonica Co',1,'2023-05-01','/storage/Pengajuan/24/FileSurat/RekomendasiPembangunanMenara.pdf','diajukan','2023-05-04 23:22:14','2023-05-04 15:22:14',NULL),
(25,19,51,7,703,480,31,16,'-8.480041021514637','115.54735690355304','Menara 3 Kaki','57','1','140','Aspal','milik perusahaan','PT. Telefonica Co',NULL,'2023-05-01','/storage/Pengajuan/25/FileSurat/RekomendasiPembangunanMenara.pdf','diajukan','2023-05-04 23:22:25','2023-05-04 15:22:25',NULL),
(26,20,51,7,706,513,32,17,'-8.435889174088361','115.55653005838396','Menara 4 Kaki','75','1','160','Jalan Setapak','milik perusahaan','PT. Suka Usaha',1,'2023-05-01','/storage/Pengajuan/26/FileSurat/RekomendasiPembangunanMenara.pdf','diajukan','2023-05-04 23:22:36','2023-05-04 15:22:36',NULL),
(28,20,51,7,708,529,42,18,'-8.264306737065608','115.5676826834679','Menara 4 Kaki','72','1','172','Jalan Tanah','milik perusahaan','PT. Suka Usaha',2,'2023-05-01','/storage/Pengajuan/28/FileSurat/RekomendasiPembangunanMenara.pdf','diajukan','2023-05-04 23:22:46','2023-05-04 15:22:46',NULL),
(29,20,51,7,701,459,23,19,'-8.427680285295306','115.42198777198793','Menara 4 Kaki','71','1','190','Jalan tanah','milik perusahaan','PT. Suka Usaha',NULL,'2023-05-01','/storage/Pengajuan/29/FileSurat/RekomendasiPembangunanMenara.pdf','diajukan','2023-05-04 23:23:01','2023-05-04 15:23:01',NULL),
(30,21,51,7,706,513,34,20,'-8.443678859068912','115.5627152323723','Menara 4 Kaki','69','1','168','Jalan Setapak','milik perusahaan','PT. Gembira Bersama',NULL,'2023-05-01','/storage/Pengajuan/30/FileSurat/RekomendasiPembangunanMenara.pdf','diajukan','2023-05-04 23:23:11','2023-05-04 15:23:11',NULL),
(31,21,51,7,702,468,30,21,'-8.479356576521226','115.4572293162346','Menara 4 Kaki','70','1','160','Jalan aspal','milik perusahaan','PT. Gembira Bersama',1,'2023-05-01','/storage/Pengajuan/31/FileSurat/RekomendasiPembangunanMenara.pdf','diajukan','2023-05-04 23:23:22','2023-05-04 15:23:22',NULL),
(32,22,51,7,703,485,20,22,'-8.49772657092685','115.54022490978242','Menara 4 Kaki','69','1','100','Jalan Setapak','milik perusahaan','PT. Kemari Kasih',NULL,'2023-05-03','/storage/Pengajuan/32/FileSurat/RekomendasiPembangunanMenara.pdf','diajukan','2023-05-04 23:23:35','2023-05-04 15:23:35',NULL),
(33,22,51,7,704,486,14,23,'-8.495133817932151','115.58925032615663','Menara 4 Kaki','71','1','123','jalan tanah','milik perusahaan','PT. Kemari Kasih',NULL,'2023-05-03','/storage/Pengajuan/33/FileSurat/RekomendasiPembangunanMenara.pdf','diajukan','2023-05-04 23:23:54','2023-05-04 15:23:54',NULL),
(34,22,51,7,702,465,29,24,'-8.49023857690016','115.45482605695726','Menara 4 Kaki','76','1','150','jalan aspal','milik perusahaan','PT. Kemari Kasih',NULL,'2023-05-03','/storage/Pengajuan/34/FileSurat/RekomendasiPembangunanMenara.pdf','diajukan','2023-05-04 23:33:06','2023-05-04 15:33:06',NULL),
(35,25,51,7,703,478,19,25,'-8.507202123226339','115.56552350521089','Menara 4 Kaki','80','1','120','jalan aspal','milik perusahaan','PT. Selalu Kasih',NULL,'2023-05-03','/storage/Pengajuan/35/FileSurat/RekomendasiPembangunanMenara.pdf','diajukan','2023-05-04 23:33:16','2023-05-04 15:33:16',NULL),
(36,24,51,7,707,523,36,26,'-8.431221356941975','115.49621522426607','Menara 4 Kaki','70','1','100','jalan setapak','milik perusahaan','PT. Sendiri Hebat',NULL,'2023-05-03','/storage/Pengajuan/36/FileSurat/RekomendasiPembangunanMenara.pdf','diajukan','2023-05-04 23:33:27','2023-05-04 15:33:27',NULL),
(37,24,51,7,702,466,26,27,'-8.467685507545983','115.44870793819429','Menara 4 Kaki','69','1','130','jalan tanah','milik perusahaan','PT. Sendiri Hebat',NULL,'2023-05-03','/storage/Pengajuan/37/FileSurat/RekomendasiPembangunanMenara.pdf','diajukan','2023-05-04 23:33:37','2023-05-04 15:33:37',NULL),
(38,23,51,7,707,524,39,28,'-8.446896270149827','115.50472319126129','Menara 4 Kaki','71','1','140','jalan setapak','milik perusahaan','PT. Pinewood',NULL,'2023-05-03','/storage/Pengajuan/38/FileSurat/RekomendasiPembangunanMenara.pdf','diajukan','2023-05-04 23:33:48','2023-05-04 15:33:48',NULL),
(39,23,51,7,703,477,16,29,'-8.49114766228498','115.52239358425142','Menara 4 Kaki','70','1','142','Jalan Setapak','milik perusahaan','PT. Pinewood',NULL,'2023-05-10','/storage/Pengajuan/39/FileSurat/RekomendasiPembangunanMenara.pdf','diajukan','2023-05-11 00:38:39','2023-05-10 16:38:39',NULL),
(40,23,51,7,706,512,33,30,'-8.426052847372969','115.5672723054886','Menara 4 Kaki','72','1','130','Jalan Setapak','milik perusahaan','PT. Pinewood',NULL,'2023-05-10','/storage/Pengajuan/40/FileSurat/RekomendasiPembangunanMenara.pdf','diajukan','2023-05-11 00:38:52','2023-05-10 16:38:52',NULL),
(41,25,51,7,707,525,37,31,'-8.436403892453374','115.48052698373796','Menara 4 Kaki','68','1','120','Jalan Setapak','milik perusahaan','PT. Selalu Kasih',NULL,'2023-05-10','/storage/Pengajuan/41/FileSurat/RekomendasiPembangunanMenara.pdf','diajukan','2023-05-11 00:49:18','2023-05-10 16:49:18',NULL),
(42,18,51,7,701,461,22,32,'-8.37516352496851','115.4378315806389','Menara 4 Kaki','70','1','120','Jalan setapak','milik perusahaan','PT. Sakura',NULL,'2023-05-11',NULL,'diajukan','2023-05-11 15:10:35','2023-05-11 15:10:35',NULL);

/*Table structure for table `tb_pengajuan_status` */

DROP TABLE IF EXISTS `tb_pengajuan_status`;

CREATE TABLE `tb_pengajuan_status` (
  `id` bigint(11) NOT NULL AUTO_INCREMENT,
  `id_status` int(11) DEFAULT NULL,
  `id_pengajuan_menara` int(11) DEFAULT NULL,
  `tanggal_status` datetime DEFAULT NULL,
  `disposisi` text DEFAULT NULL,
  `created_at` timestamp NOT NULL DEFAULT current_timestamp() ON UPDATE current_timestamp(),
  `updated_at` timestamp NULL DEFAULT NULL,
  `deleted_at` timestamp NULL DEFAULT NULL,
  PRIMARY KEY (`id`),
  KEY `id_status` (`id_status`),
  KEY `id_pengajuan_menara` (`id_pengajuan_menara`),
  CONSTRAINT `tb_pengajuan_status_ibfk_1` FOREIGN KEY (`id_status`) REFERENCES `tb_m_status` (`id`),
  CONSTRAINT `tb_pengajuan_status_ibfk_2` FOREIGN KEY (`id_pengajuan_menara`) REFERENCES `tb_pengajuan_menara` (`id`)
) ENGINE=InnoDB AUTO_INCREMENT=212 DEFAULT CHARSET=latin1 COLLATE=latin1_swedish_ci;

/*Data for the table `tb_pengajuan_status` */

insert  into `tb_pengajuan_status`(`id`,`id_status`,`id_pengajuan_menara`,`tanggal_status`,`disposisi`,`created_at`,`updated_at`,`deleted_at`) values 
(1,2,8,'2023-01-08 09:41:46',NULL,'2023-01-08 09:41:46','2023-01-08 09:41:46',NULL),
(2,3,8,'2023-01-08 09:44:41','data sudah benar','2023-01-08 09:44:41','2023-01-08 09:44:41',NULL),
(3,9,8,'2023-01-08 09:44:41','data sudah benar','2023-01-08 09:44:41','2023-01-08 09:44:41',NULL),
(4,4,8,'2023-01-08 09:45:19','lokasi sesuai dibangun menara','2023-01-08 09:45:19','2023-01-08 09:45:19',NULL),
(5,5,8,'2023-01-08 09:45:19','lokasi sesuai dibangun menara','2023-01-08 09:45:19','2023-01-08 09:45:19',NULL),
(6,6,8,'2023-01-08 09:45:47','pengajuan menara selesai','2023-01-08 09:45:47','2023-01-08 09:45:47',NULL),
(19,2,11,'2023-01-30 15:05:35',NULL,'2023-01-30 15:05:35','2023-01-30 15:05:35',NULL),
(20,7,11,'2023-01-30 18:15:31','perbaiki','2023-01-30 18:15:31','2023-01-30 18:15:31',NULL),
(21,2,11,'2023-02-01 08:13:34','perbaiki','2023-02-01 08:13:34','2023-02-01 08:13:34',NULL),
(22,7,11,'2023-02-01 08:14:57','perbaiki','2023-02-01 08:14:57','2023-02-01 08:14:57',NULL),
(23,2,11,'2023-02-01 08:18:45','perbaiki','2023-02-01 08:18:45','2023-02-01 08:18:45',NULL),
(24,7,11,'2023-02-01 08:22:34','perbaiki','2023-02-01 08:22:34','2023-02-01 08:22:34',NULL),
(25,2,11,'2023-02-01 08:29:01','perbaiki','2023-02-01 08:29:01','2023-02-01 08:29:01',NULL),
(26,7,11,'2023-02-01 08:30:16','perbaiki','2023-02-01 08:30:16','2023-02-01 08:30:16',NULL),
(27,2,11,'2023-02-01 08:38:25','perbaiki','2023-02-01 08:38:25','2023-02-01 08:38:25',NULL),
(28,7,11,'2023-02-01 08:41:01','perbaiki','2023-02-01 08:41:01','2023-02-01 08:41:01',NULL),
(29,2,11,'2023-02-01 08:42:36','perbaiki','2023-02-01 08:42:36','2023-02-01 08:42:36',NULL),
(30,7,11,'2023-02-01 08:46:19','perbaiki','2023-02-01 08:46:19','2023-02-01 08:46:19',NULL),
(31,2,11,'2023-02-01 08:46:49','perbaiki','2023-02-01 08:46:49','2023-02-01 08:46:49',NULL),
(32,3,11,'2023-02-02 09:31:28','Diterima','2023-02-02 09:31:28','2023-02-02 09:31:28',NULL),
(33,9,11,'2023-02-02 09:31:28','Diterima','2023-02-02 09:31:28','2023-02-02 09:31:28',NULL),
(34,4,11,'2023-02-02 09:32:17','diterima','2023-02-02 09:32:17','2023-02-02 09:32:17',NULL),
(35,5,11,'2023-02-02 09:32:17','diterima','2023-02-02 09:32:17','2023-02-02 09:32:17',NULL),
(36,6,11,'2023-02-02 09:33:13','selesai','2023-02-02 09:33:13','2023-02-02 09:33:13',NULL),
(37,2,12,'2023-02-02 09:55:10',NULL,'2023-02-02 09:55:10','2023-02-02 09:55:10',NULL),
(38,3,12,'2023-02-02 09:56:42','setuju','2023-02-02 09:56:42','2023-02-02 09:56:42',NULL),
(39,9,12,'2023-02-02 09:56:42','setuju','2023-02-02 09:56:42','2023-02-02 09:56:42',NULL),
(41,8,12,'2023-02-02 09:59:11','tolak','2023-02-02 09:59:11','2023-02-02 09:59:11',NULL),
(42,2,13,'2023-02-03 19:45:34',NULL,'2023-02-03 19:45:34','2023-02-03 19:45:34',NULL),
(43,3,13,'2023-02-03 19:46:14','setuju','2023-02-03 19:46:14','2023-02-03 19:46:14',NULL),
(44,9,13,'2023-02-03 19:46:14','setuju','2023-02-03 19:46:14','2023-02-03 19:46:14',NULL),
(45,4,13,'2023-02-03 19:46:53','setuju','2023-02-03 19:46:53','2023-02-03 19:46:53',NULL),
(46,5,13,'2023-02-03 19:46:53','setuju','2023-02-03 19:46:53','2023-02-03 19:46:53',NULL),
(47,6,13,'2023-02-03 19:47:33','selesai','2023-02-03 19:47:33','2023-02-03 19:47:33',NULL),
(48,2,14,'2023-03-02 10:02:17',NULL,'2023-03-02 10:02:17','2023-03-02 10:02:17',NULL),
(49,2,15,'2023-03-14 10:11:42',NULL,'2023-03-14 10:11:42','2023-03-14 10:11:42',NULL),
(50,3,15,'2023-03-14 10:14:20','form dan berkas sudah disetujui','2023-03-14 10:14:20','2023-03-14 10:14:20',NULL),
(51,9,15,'2023-03-14 10:14:20','form dan berkas sudah disetujui','2023-03-14 10:14:20','2023-03-14 10:14:20',NULL),
(52,4,15,'2023-03-14 10:15:55','hasil survey bisa dibangun menara','2023-03-14 10:15:55','2023-03-14 10:15:55',NULL),
(53,5,15,'2023-03-14 10:15:55','hasil survey bisa dibangun menara','2023-03-14 10:15:55','2023-03-14 10:15:55',NULL),
(54,6,15,'2023-03-14 10:16:50','pengajuan menara selesai','2023-03-14 10:16:50','2023-03-14 10:16:50',NULL),
(55,2,16,'2023-03-18 14:46:46',NULL,'2023-03-18 14:46:46','2023-03-18 14:46:46',NULL),
(56,3,16,'2023-03-18 14:49:00','data dan berkas lengkap','2023-03-18 14:49:00','2023-03-18 14:49:00',NULL),
(57,9,16,'2023-03-18 14:49:00','data dan berkas lengkap','2023-03-18 14:49:00','2023-03-18 14:49:00',NULL),
(58,4,16,'2023-03-18 14:49:32','lokasi bisa dibangun menara','2023-03-18 14:49:32','2023-03-18 14:49:32',NULL),
(59,5,16,'2023-03-18 14:49:32','lokasi bisa dibangun menara','2023-03-18 14:49:32','2023-03-18 14:49:32',NULL),
(60,6,16,'2023-03-18 14:50:22','pengajuan selesai','2023-03-18 14:50:22','2023-03-18 14:50:22',NULL),
(61,2,17,'2023-03-18 14:57:10',NULL,'2023-03-18 14:57:10','2023-03-18 14:57:10',NULL),
(62,3,17,'2023-03-18 14:58:22','data dan berkas sudah lengkap','2023-03-18 14:58:22','2023-03-18 14:58:22',NULL),
(63,9,17,'2023-03-18 14:58:22','data dan berkas sudah lengkap','2023-03-18 14:58:22','2023-03-18 14:58:22',NULL),
(64,4,17,'2023-03-18 14:58:50','lokasi dapat dibangun menara','2023-03-18 14:58:50','2023-03-18 14:58:50',NULL),
(65,5,17,'2023-03-18 14:58:50','lokasi dapat dibangun menara','2023-03-18 14:58:50','2023-03-18 14:58:50',NULL),
(66,6,17,'2023-03-18 15:00:05','pengajuan selesai','2023-03-18 15:00:05','2023-03-18 15:00:05',NULL),
(67,2,18,'2023-04-11 18:26:55',NULL,'2023-04-11 18:26:55','2023-04-11 18:26:55',NULL),
(68,3,14,'2023-04-14 06:58:19','data dan berkas sudah lengkap','2023-04-14 06:58:19','2023-04-14 06:58:19',NULL),
(69,9,14,'2023-04-14 06:58:19','data dan berkas sudah lengkap','2023-04-14 06:58:19','2023-04-14 06:58:19',NULL),
(70,3,18,'2023-04-14 06:59:21','data dan berkas sudah lengkap','2023-04-14 06:59:21','2023-04-14 06:59:21',NULL),
(71,9,18,'2023-04-14 06:59:21','data dan berkas sudah lengkap','2023-04-14 06:59:21','2023-04-14 06:59:21',NULL),
(72,4,14,'2023-04-14 07:01:45','lokasi bisa dibangun menara','2023-04-14 07:01:45','2023-04-14 07:01:45',NULL),
(73,5,14,'2023-04-14 07:01:45','lokasi bisa dibangun menara','2023-04-14 07:01:45','2023-04-14 07:01:45',NULL),
(74,4,18,'2023-04-14 07:02:03','lokasi bisa dibangun menara','2023-04-14 07:02:03','2023-04-14 07:02:03',NULL),
(75,5,18,'2023-04-14 07:02:03','lokasi bisa dibangun menara','2023-04-14 07:02:03','2023-04-14 07:02:03',NULL),
(76,6,14,'2023-04-14 07:03:12','pengajuan menara selesai','2023-04-14 07:03:12','2023-04-14 07:03:12',NULL),
(77,6,18,'2023-04-14 07:03:29','pengajuan menara selesai','2023-04-14 07:03:29','2023-04-14 07:03:29',NULL),
(78,2,23,'2023-04-24 09:09:31',NULL,'2023-04-24 09:09:31','2023-04-24 09:09:31',NULL),
(79,2,20,'2023-04-24 09:37:54',NULL,'2023-04-24 09:37:54','2023-04-24 09:37:54',NULL),
(80,2,19,'2023-04-24 09:49:29',NULL,'2023-04-24 09:49:29','2023-04-24 09:49:29',NULL),
(81,2,21,'2023-04-24 09:53:22',NULL,'2023-04-24 09:53:22','2023-04-24 09:53:22',NULL),
(82,2,22,'2023-04-24 10:01:28',NULL,'2023-04-24 10:01:28','2023-04-24 10:01:28',NULL),
(83,2,24,'2023-05-01 10:23:13',NULL,'2023-05-01 10:23:13','2023-05-01 10:23:13',NULL),
(84,2,25,'2023-05-01 10:27:09',NULL,'2023-05-01 10:27:09','2023-05-01 10:27:09',NULL),
(85,2,26,'2023-05-01 10:40:19',NULL,'2023-05-01 10:40:19','2023-05-01 10:40:19',NULL),
(87,2,28,'2023-05-01 10:58:30',NULL,'2023-05-01 10:58:30','2023-05-01 10:58:30',NULL),
(88,2,29,'2023-05-01 11:09:21',NULL,'2023-05-01 11:09:21','2023-05-01 11:09:21',NULL),
(89,2,30,'2023-05-01 11:51:00',NULL,'2023-05-01 11:51:00','2023-05-01 11:51:00',NULL),
(90,2,31,'2023-05-01 12:27:00',NULL,'2023-05-01 12:27:00','2023-05-01 12:27:00',NULL),
(91,2,32,'2023-05-03 16:13:58',NULL,'2023-05-03 16:13:58','2023-05-03 16:13:58',NULL),
(92,2,33,'2023-05-03 16:21:32',NULL,'2023-05-03 16:21:32','2023-05-03 16:21:32',NULL),
(93,2,34,'2023-05-03 16:28:34',NULL,'2023-05-03 16:28:34','2023-05-03 16:28:34',NULL),
(94,2,35,'2023-05-03 16:40:18',NULL,'2023-05-03 16:40:18','2023-05-03 16:40:18',NULL),
(95,2,36,'2023-05-03 16:45:02',NULL,'2023-05-03 16:45:02','2023-05-03 16:45:02',NULL),
(96,2,37,'2023-05-03 16:47:59',NULL,'2023-05-03 16:47:59','2023-05-03 16:47:59',NULL),
(97,2,38,'2023-05-03 16:51:07',NULL,'2023-05-03 16:51:07','2023-05-03 16:51:07',NULL),
(98,3,19,'2023-05-04 15:01:53','Persyaratan sudah lengkap','2023-05-04 15:01:53','2023-05-04 15:01:53',NULL),
(99,9,19,'2023-05-04 15:01:53','Persyaratan sudah lengkap','2023-05-04 15:01:53','2023-05-04 15:01:53',NULL),
(100,3,20,'2023-05-04 15:02:18','Persyaratan sudah lengkap','2023-05-04 15:02:18','2023-05-04 15:02:18',NULL),
(101,9,20,'2023-05-04 15:02:18','Persyaratan sudah lengkap','2023-05-04 15:02:18','2023-05-04 15:02:18',NULL),
(102,3,21,'2023-05-04 15:03:33','Persyaratan sudah lengkap','2023-05-04 15:03:33','2023-05-04 15:03:33',NULL),
(103,9,21,'2023-05-04 15:03:33','Persyaratan sudah lengkap','2023-05-04 15:03:33','2023-05-04 15:03:33',NULL),
(104,3,22,'2023-05-04 15:04:03','Persyaratan sudah lengkap','2023-05-04 15:04:03','2023-05-04 15:04:03',NULL),
(105,9,22,'2023-05-04 15:04:03','Persyaratan sudah lengkap','2023-05-04 15:04:03','2023-05-04 15:04:03',NULL),
(106,3,23,'2023-05-04 15:04:40','Persyaratan sudah lengkap','2023-05-04 15:04:40','2023-05-04 15:04:40',NULL),
(107,9,23,'2023-05-04 15:04:40','Persyaratan sudah lengkap','2023-05-04 15:04:40','2023-05-04 15:04:40',NULL),
(108,3,24,'2023-05-04 15:05:16','Persyaratan sudah lengkap','2023-05-04 15:05:16','2023-05-04 15:05:16',NULL),
(109,9,24,'2023-05-04 15:05:16','Persyaratan sudah lengkap','2023-05-04 15:05:16','2023-05-04 15:05:16',NULL),
(110,3,25,'2023-05-04 15:05:56','Persyaratan sudah lengkap','2023-05-04 15:05:56','2023-05-04 15:05:56',NULL),
(111,9,25,'2023-05-04 15:05:56','Persyaratan sudah lengkap','2023-05-04 15:05:56','2023-05-04 15:05:56',NULL),
(112,3,26,'2023-05-04 15:06:36','Persyaratan sudah lengkap','2023-05-04 15:06:36','2023-05-04 15:06:36',NULL),
(113,9,26,'2023-05-04 15:06:36','Persyaratan sudah lengkap','2023-05-04 15:06:36','2023-05-04 15:06:36',NULL),
(114,3,28,'2023-05-04 15:07:06','Persyaratan sudah lengkap','2023-05-04 15:07:06','2023-05-04 15:07:06',NULL),
(115,9,28,'2023-05-04 15:07:06','Persyaratan sudah lengkap','2023-05-04 15:07:06','2023-05-04 15:07:06',NULL),
(116,3,29,'2023-05-04 15:07:47','Persyaratan sudah lengkap','2023-05-04 15:07:47','2023-05-04 15:07:47',NULL),
(117,9,29,'2023-05-04 15:07:47','Persyaratan sudah lengkap','2023-05-04 15:07:47','2023-05-04 15:07:47',NULL),
(118,3,30,'2023-05-04 15:08:26','Persyaratan sudah lengkap','2023-05-04 15:08:26','2023-05-04 15:08:26',NULL),
(119,9,30,'2023-05-04 15:08:26','Persyaratan sudah lengkap','2023-05-04 15:08:26','2023-05-04 15:08:26',NULL),
(120,3,31,'2023-05-04 15:09:05','Persyaratan sudah lengkap','2023-05-04 15:09:05','2023-05-04 15:09:05',NULL),
(121,9,31,'2023-05-04 15:09:05','Persyaratan sudah lengkap','2023-05-04 15:09:05','2023-05-04 15:09:05',NULL),
(122,3,32,'2023-05-04 15:11:53','Persyaratan sudah lengkap','2023-05-04 15:11:53','2023-05-04 15:11:53',NULL),
(123,9,32,'2023-05-04 15:11:53','Persyaratan sudah lengkap','2023-05-04 15:11:53','2023-05-04 15:11:53',NULL),
(124,3,33,'2023-05-04 15:12:28','Persyaratan sudah lengkap','2023-05-04 15:12:28','2023-05-04 15:12:28',NULL),
(125,9,33,'2023-05-04 15:12:28','Persyaratan sudah lengkap','2023-05-04 15:12:28','2023-05-04 15:12:28',NULL),
(126,3,34,'2023-05-04 15:14:37','Persyaratan sudah lengkap','2023-05-04 15:14:37','2023-05-04 15:14:37',NULL),
(127,9,34,'2023-05-04 15:14:37','Persyaratan sudah lengkap','2023-05-04 15:14:37','2023-05-04 15:14:37',NULL),
(128,3,35,'2023-05-04 15:15:33','Persyaratan sudah lengkap','2023-05-04 15:15:33','2023-05-04 15:15:33',NULL),
(129,9,35,'2023-05-04 15:15:33','Persyaratan sudah lengkap','2023-05-04 15:15:33','2023-05-04 15:15:33',NULL),
(130,3,36,'2023-05-04 15:16:14','Persyaratan sudah lengkap','2023-05-04 15:16:14','2023-05-04 15:16:14',NULL),
(131,9,36,'2023-05-04 15:16:14','Persyaratan sudah lengkap','2023-05-04 15:16:14','2023-05-04 15:16:14',NULL),
(132,3,37,'2023-05-04 15:16:56','Persyaratan sudah lengkap','2023-05-04 15:16:56','2023-05-04 15:16:56',NULL),
(133,9,37,'2023-05-04 15:16:56','Persyaratan sudah lengkap','2023-05-04 15:16:56','2023-05-04 15:16:56',NULL),
(134,3,38,'2023-05-04 15:17:55','Persyaratan sudah lengkap','2023-05-04 15:17:55','2023-05-04 15:17:55',NULL),
(135,9,38,'2023-05-04 15:17:55','Persyaratan sudah lengkap','2023-05-04 15:17:55','2023-05-04 15:17:55',NULL),
(136,4,19,'2023-05-04 15:18:28','Lokasi dapat dibangun menara','2023-05-04 15:18:28','2023-05-04 15:18:28',NULL),
(137,5,19,'2023-05-04 15:18:28','Lokasi dapat dibangun menara','2023-05-04 15:18:28','2023-05-04 15:18:28',NULL),
(138,4,20,'2023-05-04 15:18:35','Lokasi dapat dibangun menara','2023-05-04 15:18:35','2023-05-04 15:18:35',NULL),
(139,5,20,'2023-05-04 15:18:35','Lokasi dapat dibangun menara','2023-05-04 15:18:35','2023-05-04 15:18:35',NULL),
(140,4,21,'2023-05-04 15:18:41','Lokasi dapat dibangun menara','2023-05-04 15:18:41','2023-05-04 15:18:41',NULL),
(141,5,21,'2023-05-04 15:18:41','Lokasi dapat dibangun menara','2023-05-04 15:18:41','2023-05-04 15:18:41',NULL),
(142,4,22,'2023-05-04 15:18:46','Lokasi dapat dibangun menara','2023-05-04 15:18:46','2023-05-04 15:18:46',NULL),
(143,5,22,'2023-05-04 15:18:46','Lokasi dapat dibangun menara','2023-05-04 15:18:46','2023-05-04 15:18:46',NULL),
(144,4,23,'2023-05-04 15:18:52','Lokasi dapat dibangun menara','2023-05-04 15:18:52','2023-05-04 15:18:52',NULL),
(145,5,23,'2023-05-04 15:18:52','Lokasi dapat dibangun menara','2023-05-04 15:18:52','2023-05-04 15:18:52',NULL),
(146,4,24,'2023-05-04 15:18:58','Lokasi dapat dibangun menara','2023-05-04 15:18:58','2023-05-04 15:18:58',NULL),
(147,5,24,'2023-05-04 15:18:58','Lokasi dapat dibangun menara','2023-05-04 15:18:58','2023-05-04 15:18:58',NULL),
(148,4,25,'2023-05-04 15:19:04','Lokasi dapat dibangun menara','2023-05-04 15:19:04','2023-05-04 15:19:04',NULL),
(149,5,25,'2023-05-04 15:19:04','Lokasi dapat dibangun menara','2023-05-04 15:19:04','2023-05-04 15:19:04',NULL),
(150,4,26,'2023-05-04 15:19:13','Lokasi dapat dibangun menara','2023-05-04 15:19:13','2023-05-04 15:19:13',NULL),
(151,5,26,'2023-05-04 15:19:13','Lokasi dapat dibangun menara','2023-05-04 15:19:13','2023-05-04 15:19:13',NULL),
(152,4,28,'2023-05-04 15:19:18','Lokasi dapat dibangun menara','2023-05-04 15:19:18','2023-05-04 15:19:18',NULL),
(153,5,28,'2023-05-04 15:19:18','Lokasi dapat dibangun menara','2023-05-04 15:19:18','2023-05-04 15:19:18',NULL),
(154,4,29,'2023-05-04 15:19:33','Lokasi dapat dibangun menara','2023-05-04 15:19:33','2023-05-04 15:19:33',NULL),
(155,5,29,'2023-05-04 15:19:33','Lokasi dapat dibangun menara','2023-05-04 15:19:33','2023-05-04 15:19:33',NULL),
(156,4,30,'2023-05-04 15:19:40','Lokasi dapat dibangun menara','2023-05-04 15:19:40','2023-05-04 15:19:40',NULL),
(157,5,30,'2023-05-04 15:19:40','Lokasi dapat dibangun menara','2023-05-04 15:19:40','2023-05-04 15:19:40',NULL),
(158,4,31,'2023-05-04 15:19:53','Lokasi dapat dibangun menara','2023-05-04 15:19:53','2023-05-04 15:19:53',NULL),
(159,5,31,'2023-05-04 15:19:53','Lokasi dapat dibangun menara','2023-05-04 15:19:53','2023-05-04 15:19:53',NULL),
(160,4,32,'2023-05-04 15:19:58','Lokasi dapat dibangun menara','2023-05-04 15:19:58','2023-05-04 15:19:58',NULL),
(161,5,32,'2023-05-04 15:19:58','Lokasi dapat dibangun menara','2023-05-04 15:19:58','2023-05-04 15:19:58',NULL),
(162,4,33,'2023-05-04 15:20:02','Lokasi dapat dibangun menara','2023-05-04 15:20:02','2023-05-04 15:20:02',NULL),
(163,5,33,'2023-05-04 15:20:02','Lokasi dapat dibangun menara','2023-05-04 15:20:02','2023-05-04 15:20:02',NULL),
(164,4,34,'2023-05-04 15:20:08','Lokasi dapat dibangun menara','2023-05-04 15:20:08','2023-05-04 15:20:08',NULL),
(165,5,34,'2023-05-04 15:20:08','Lokasi dapat dibangun menara','2023-05-04 15:20:08','2023-05-04 15:20:08',NULL),
(166,4,35,'2023-05-04 15:20:13','Lokasi dapat dibangun menara','2023-05-04 15:20:13','2023-05-04 15:20:13',NULL),
(167,5,35,'2023-05-04 15:20:13','Lokasi dapat dibangun menara','2023-05-04 15:20:13','2023-05-04 15:20:13',NULL),
(168,4,36,'2023-05-04 15:20:18','Lokasi dapat dibangun menara','2023-05-04 15:20:18','2023-05-04 15:20:18',NULL),
(169,5,36,'2023-05-04 15:20:18','Lokasi dapat dibangun menara','2023-05-04 15:20:18','2023-05-04 15:20:18',NULL),
(170,4,37,'2023-05-04 15:20:23','Lokasi dapat dibangun menara','2023-05-04 15:20:23','2023-05-04 15:20:23',NULL),
(171,5,37,'2023-05-04 15:20:23','Lokasi dapat dibangun menara','2023-05-04 15:20:23','2023-05-04 15:20:23',NULL),
(172,4,38,'2023-05-04 15:20:27','Lokasi dapat dibangun menara','2023-05-04 15:20:27','2023-05-04 15:20:27',NULL),
(173,5,38,'2023-05-04 15:20:27','Lokasi dapat dibangun menara','2023-05-04 15:20:27','2023-05-04 15:20:27',NULL),
(174,6,19,'2023-05-04 15:21:10','Pengajuan menara selesai','2023-05-04 15:21:10','2023-05-04 15:21:10',NULL),
(175,6,20,'2023-05-04 15:21:22','Pengajuan menara selesai','2023-05-04 15:21:22','2023-05-04 15:21:22',NULL),
(176,6,21,'2023-05-04 15:21:38','Pengajuan menara selesai','2023-05-04 15:21:38','2023-05-04 15:21:38',NULL),
(177,6,22,'2023-05-04 15:21:49','Pengajuan menara selesai','2023-05-04 15:21:49','2023-05-04 15:21:49',NULL),
(178,6,23,'2023-05-04 15:22:02','Pengajuan menara selesai','2023-05-04 15:22:02','2023-05-04 15:22:02',NULL),
(179,6,24,'2023-05-04 15:22:14','Pengajuan menara selesai','2023-05-04 15:22:14','2023-05-04 15:22:14',NULL),
(180,6,25,'2023-05-04 15:22:25','Pengajuan menara selesai','2023-05-04 15:22:25','2023-05-04 15:22:25',NULL),
(181,6,26,'2023-05-04 15:22:36','Pengajuan menara selesai','2023-05-04 15:22:36','2023-05-04 15:22:36',NULL),
(182,6,28,'2023-05-04 15:22:46','Pengajuan menara selesai','2023-05-04 15:22:46','2023-05-04 15:22:46',NULL),
(183,6,29,'2023-05-04 15:23:01','Pengajuan menara selesai','2023-05-04 15:23:01','2023-05-04 15:23:01',NULL),
(184,6,30,'2023-05-04 15:23:11','Pengajuan menara selesai','2023-05-04 15:23:11','2023-05-04 15:23:11',NULL),
(185,6,31,'2023-05-04 15:23:22','Pengajuan menara selesai','2023-05-04 15:23:22','2023-05-04 15:23:22',NULL),
(186,6,32,'2023-05-04 15:23:35','Pengajuan menara selesai','2023-05-04 15:23:35','2023-05-04 15:23:35',NULL),
(187,6,33,'2023-05-04 15:23:54','Pengajuan menara selesai','2023-05-04 15:23:54','2023-05-04 15:23:54',NULL),
(188,6,34,'2023-05-04 15:33:06','Pengajuan menara selesai','2023-05-04 15:33:06','2023-05-04 15:33:06',NULL),
(189,6,35,'2023-05-04 15:33:16','Pengajuan menara selesai','2023-05-04 15:33:16','2023-05-04 15:33:16',NULL),
(190,6,36,'2023-05-04 15:33:27','Pengajuan menara selesai','2023-05-04 15:33:27','2023-05-04 15:33:27',NULL),
(191,6,37,'2023-05-04 15:33:37','Pengajuan menara selesai','2023-05-04 15:33:37','2023-05-04 15:33:37',NULL),
(192,6,38,'2023-05-04 15:33:48','Pengajuan menara selesai','2023-05-04 15:33:48','2023-05-04 15:33:48',NULL),
(193,2,39,'2023-05-10 16:34:45',NULL,'2023-05-10 16:34:45','2023-05-10 16:34:45',NULL),
(194,2,40,'2023-05-10 16:36:18',NULL,'2023-05-10 16:36:18','2023-05-10 16:36:18',NULL),
(195,3,39,'2023-05-10 16:37:09','Administrasi diterima','2023-05-10 16:37:09','2023-05-10 16:37:09',NULL),
(196,9,39,'2023-05-10 16:37:09','Administrasi diterima','2023-05-10 16:37:09','2023-05-10 16:37:09',NULL),
(197,3,40,'2023-05-10 16:37:33','Berkas diterima','2023-05-10 16:37:33','2023-05-10 16:37:33',NULL),
(198,9,40,'2023-05-10 16:37:33','Berkas diterima','2023-05-10 16:37:33','2023-05-10 16:37:33',NULL),
(199,4,39,'2023-05-10 16:37:56','lokasi sesuai dibangun menara','2023-05-10 16:37:56','2023-05-10 16:37:56',NULL),
(200,5,39,'2023-05-10 16:37:56','lokasi sesuai dibangun menara','2023-05-10 16:37:56','2023-05-10 16:37:56',NULL),
(201,4,40,'2023-05-10 16:38:07','lokasi sesuai dibangun menara','2023-05-10 16:38:07','2023-05-10 16:38:07',NULL),
(202,5,40,'2023-05-10 16:38:07','lokasi sesuai dibangun menara','2023-05-10 16:38:07','2023-05-10 16:38:07',NULL),
(203,6,39,'2023-05-10 16:38:39','pengajuan selesai','2023-05-10 16:38:39','2023-05-10 16:38:39',NULL),
(204,6,40,'2023-05-10 16:38:52','pengajuan selesai','2023-05-10 16:38:52','2023-05-10 16:38:52',NULL),
(205,2,41,'2023-05-10 16:47:31',NULL,'2023-05-10 16:47:31','2023-05-10 16:47:31',NULL),
(206,3,41,'2023-05-10 16:48:11','administrasi diterima','2023-05-10 16:48:11','2023-05-10 16:48:11',NULL),
(207,9,41,'2023-05-10 16:48:11','administrasi diterima','2023-05-10 16:48:11','2023-05-10 16:48:11',NULL),
(208,4,41,'2023-05-10 16:48:48','lokasi sesuai untuk dibangun menara','2023-05-10 16:48:48','2023-05-10 16:48:48',NULL),
(209,5,41,'2023-05-10 16:48:48','lokasi sesuai untuk dibangun menara','2023-05-10 16:48:48','2023-05-10 16:48:48',NULL),
(210,6,41,'2023-05-10 16:49:18','pengajuan selesai','2023-05-10 16:49:18','2023-05-10 16:49:18',NULL),
(211,2,42,'2023-05-11 15:10:35',NULL,'2023-05-11 15:10:35','2023-05-11 15:10:35',NULL);

/*Table structure for table `tb_penggunaan_menara` */

DROP TABLE IF EXISTS `tb_penggunaan_menara`;

CREATE TABLE `tb_penggunaan_menara` (
  `id` int(11) NOT NULL AUTO_INCREMENT,
  `id_provider` int(11) DEFAULT NULL,
  `id_menara` int(11) DEFAULT NULL,
  `created_at` timestamp NOT NULL DEFAULT current_timestamp() ON UPDATE current_timestamp(),
  `updated_at` timestamp NULL DEFAULT NULL,
  `deleted_at` timestamp NULL DEFAULT NULL,
  PRIMARY KEY (`id`),
  KEY `id_menara` (`id_menara`),
  KEY `id_provider` (`id_provider`),
  CONSTRAINT `tb_penggunaan_menara_ibfk_1` FOREIGN KEY (`id_menara`) REFERENCES `tb_menara` (`id`),
  CONSTRAINT `tb_penggunaan_menara_ibfk_2` FOREIGN KEY (`id_provider`) REFERENCES `tb_m_provider` (`id`)
) ENGINE=InnoDB AUTO_INCREMENT=42 DEFAULT CHARSET=latin1 COLLATE=latin1_swedish_ci;

/*Data for the table `tb_penggunaan_menara` */

insert  into `tb_penggunaan_menara`(`id`,`id_provider`,`id_menara`,`created_at`,`updated_at`,`deleted_at`) values 
(1,12,12,'2023-01-08 09:50:37','2023-01-08 09:50:37',NULL),
(5,12,16,'2023-03-02 09:50:26','2023-03-02 09:50:26',NULL),
(6,14,16,'2023-03-02 09:50:32','2023-03-02 09:50:32',NULL),
(8,12,17,'2023-03-14 10:18:50','2023-03-14 10:18:50',NULL),
(9,16,17,'2023-03-14 10:19:02','2023-03-14 10:19:02',NULL),
(10,14,15,'2023-03-24 16:10:33','2023-03-24 16:10:33',NULL),
(11,12,15,'2023-03-24 16:10:42','2023-03-24 16:10:42',NULL),
(12,13,23,'2023-05-11 15:03:53','2023-05-11 15:03:53',NULL),
(13,12,23,'2023-05-11 15:03:59','2023-05-11 15:03:59',NULL),
(14,16,22,'2023-05-11 15:04:08','2023-05-11 15:04:08',NULL),
(15,14,21,'2023-05-11 15:04:19','2023-05-11 15:04:19',NULL),
(16,13,21,'2023-05-11 15:04:25','2023-05-11 15:04:25',NULL),
(17,12,24,'2023-05-11 15:05:06','2023-05-11 15:05:06',NULL),
(18,13,25,'2023-05-11 15:05:42','2023-05-11 15:05:42',NULL),
(19,13,26,'2023-05-11 15:06:21','2023-05-11 15:06:21',NULL),
(20,14,20,'2023-05-11 15:08:16','2023-05-11 15:08:16',NULL),
(21,12,19,'2023-05-11 15:08:59','2023-05-11 15:08:59',NULL),
(22,15,29,'2023-05-11 15:11:58','2023-05-11 15:11:58',NULL),
(23,14,30,'2023-05-11 15:12:31','2023-05-11 15:12:31',NULL),
(24,13,31,'2023-05-11 15:13:18','2023-05-11 15:13:18',NULL),
(25,15,32,'2023-05-11 15:14:03','2023-05-11 15:14:03',NULL),
(26,12,33,'2023-05-11 15:14:56','2023-05-11 15:14:56',NULL),
(27,13,34,'2023-05-11 15:15:39','2023-05-11 15:15:39',NULL),
(28,14,34,'2023-05-11 15:15:45','2023-05-11 15:15:45',NULL),
(29,14,35,'2023-05-11 15:16:24','2023-05-11 15:16:24',NULL),
(30,13,36,'2023-05-11 15:17:00','2023-05-11 15:17:00',NULL),
(31,15,40,'2023-05-11 15:17:49','2023-05-11 15:17:49',NULL),
(32,16,41,'2023-05-11 15:18:21','2023-05-11 15:18:21',NULL),
(33,14,42,'2023-05-11 15:18:53','2023-05-11 15:18:53',NULL),
(34,12,38,'2023-05-11 15:19:41','2023-05-11 15:19:41',NULL),
(35,15,38,'2023-05-11 15:19:47','2023-05-11 15:19:47',NULL),
(36,13,38,'2023-05-11 15:19:52','2023-05-11 15:19:52',NULL),
(37,13,39,'2023-05-11 15:20:25','2023-05-11 15:20:25',NULL),
(38,15,39,'2023-05-11 15:20:29','2023-05-11 15:20:29',NULL),
(39,14,37,'2023-05-11 15:21:32','2023-05-11 15:21:32',NULL),
(40,12,37,'2023-05-11 15:21:37','2023-05-11 15:21:37',NULL),
(41,12,43,'2023-05-11 15:22:10','2023-05-11 15:22:10',NULL);

/*Table structure for table `tb_persetujuan_pendamping` */

DROP TABLE IF EXISTS `tb_persetujuan_pendamping`;

CREATE TABLE `tb_persetujuan_pendamping` (
  `id` bigint(11) NOT NULL AUTO_INCREMENT,
  `id_pengajuan_menara` int(11) DEFAULT NULL,
  `nama` varchar(255) DEFAULT NULL,
  `no_ktp` varchar(16) DEFAULT NULL,
  `file_suratPersetujuan` varchar(255) DEFAULT NULL,
  `jarak` varchar(255) DEFAULT NULL,
  `created_at` timestamp NOT NULL DEFAULT current_timestamp() ON UPDATE current_timestamp(),
  `updated_at` timestamp NULL DEFAULT NULL,
  `deleted_at` timestamp NULL DEFAULT NULL,
  PRIMARY KEY (`id`),
  KEY `id_pengajuan_menara` (`id_pengajuan_menara`),
  CONSTRAINT `tb_persetujuan_pendamping_ibfk_1` FOREIGN KEY (`id_pengajuan_menara`) REFERENCES `tb_pengajuan_menara` (`id`)
) ENGINE=InnoDB AUTO_INCREMENT=17 DEFAULT CHARSET=latin1 COLLATE=latin1_swedish_ci;

/*Data for the table `tb_persetujuan_pendamping` */

insert  into `tb_persetujuan_pendamping`(`id`,`id_pengajuan_menara`,`nama`,`no_ktp`,`file_suratPersetujuan`,`jarak`,`created_at`,`updated_at`,`deleted_at`) values 
(1,8,'budi','1155616','/storage/Pengajuan/8/Pendamping/Pendamping1.pdf','66','2023-01-08 09:41:46','2023-01-08 09:41:46',NULL),
(2,8,'dira','6168468','/storage/Pengajuan/8/Pendamping/Pendamping2.pdf','70','2023-01-08 09:41:46','2023-01-08 09:41:46',NULL),
(7,11,'Dito','123','/storage/Pengajuan/11/Pendamping/Pendamping1.pdf','63','2023-01-30 15:05:36','2023-01-30 15:05:36',NULL),
(8,13,'Budi','123123','/storage/Pengajuan/13/Pendamping/Pendamping1.pdf','30','2023-02-03 19:45:34','2023-02-03 19:45:34',NULL),
(9,14,'dipa','0123123','/storage/Pengajuan/14/Pendamping/Pendamping1.pdf','60','2023-03-02 09:54:39','2023-03-02 09:54:39',NULL),
(10,15,'Susila','5107045698740036','/storage/Pengajuan/15/Pendamping/Pendamping1.pdf','50','2023-03-14 10:11:42','2023-03-14 10:11:42',NULL),
(11,18,'dika','0123','/storage/Pengajuan/18/Pendamping/Pendamping1.pdf','50','2023-04-11 18:26:02','2023-04-11 18:26:02',NULL),
(12,23,'abdi','0235489','/storage/Pengajuan/23/Pendamping/Pendamping1.pdf','20','2023-04-24 09:09:31','2023-04-24 09:09:31',NULL),
(13,24,'Budi','17166','/storage/Pengajuan/24/Pendamping/Pendamping1.pdf','62','2023-05-01 10:23:14','2023-05-01 10:23:14',NULL),
(14,28,'Dimas','74555745','/storage/Pengajuan/28/Pendamping/Pendamping1.pdf','60','2023-05-01 10:58:33','2023-05-01 10:58:33',NULL),
(15,28,'Dira','4454675','/storage/Pengajuan/28/Pendamping/Pendamping2.pdf','70','2023-05-01 10:58:33','2023-05-01 10:58:33',NULL),
(16,31,'susila','55665','/storage/Pengajuan/31/Pendamping/Pendamping1.pdf','65','2023-05-01 12:27:00','2023-05-01 12:27:00',NULL);

/*Table structure for table `tb_perusahaan` */

DROP TABLE IF EXISTS `tb_perusahaan`;

CREATE TABLE `tb_perusahaan` (
  `id` int(11) NOT NULL AUTO_INCREMENT,
  `id_provinsi` int(11) DEFAULT NULL,
  `id_kabupaten` int(11) DEFAULT NULL,
  `id_kecamatan` int(11) DEFAULT NULL,
  `id_desa` int(11) DEFAULT NULL,
  `nama` varchar(255) DEFAULT NULL,
  `no_telp` varchar(13) DEFAULT NULL,
  `alamat` varchar(255) DEFAULT NULL,
  `email` varchar(255) DEFAULT NULL,
  `status` enum('tunggu persetujuan','perbaiki','diterima') DEFAULT NULL,
  `marker` varchar(255) DEFAULT NULL,
  `disposisi` text DEFAULT NULL,
  `created_at` timestamp NOT NULL DEFAULT current_timestamp() ON UPDATE current_timestamp(),
  `updated_at` timestamp NULL DEFAULT NULL,
  `deleted_at` timestamp NULL DEFAULT NULL,
  PRIMARY KEY (`id`),
  KEY `id_provinsi` (`id_provinsi`),
  KEY `id_kabupaten` (`id_kabupaten`),
  KEY `id_kecamatan` (`id_kecamatan`),
  KEY `id_desa` (`id_desa`),
  CONSTRAINT `tb_perusahaan_ibfk_1` FOREIGN KEY (`id_provinsi`) REFERENCES `tb_m_provinsi` (`id`),
  CONSTRAINT `tb_perusahaan_ibfk_2` FOREIGN KEY (`id_kabupaten`) REFERENCES `tb_m_kabupaten` (`id`),
  CONSTRAINT `tb_perusahaan_ibfk_3` FOREIGN KEY (`id_kecamatan`) REFERENCES `tb_m_kecamatan` (`id`),
  CONSTRAINT `tb_perusahaan_ibfk_4` FOREIGN KEY (`id_desa`) REFERENCES `tb_m_desa` (`id`)
) ENGINE=InnoDB AUTO_INCREMENT=26 DEFAULT CHARSET=latin1 COLLATE=latin1_swedish_ci;

/*Data for the table `tb_perusahaan` */

insert  into `tb_perusahaan`(`id`,`id_provinsi`,`id_kabupaten`,`id_kecamatan`,`id_desa`,`nama`,`no_telp`,`alamat`,`email`,`status`,`marker`,`disposisi`,`created_at`,`updated_at`,`deleted_at`) values 
(16,51,9,901,685,'PT. Asri','0321456987','Jl. Pulau Kawe','a@gmail.com','diterima','/storage/Perusahaan/16/Marker.png','pendaftaran diterima','2023-01-09 01:32:12','2023-01-08 09:23:19',NULL),
(17,51,9,901,685,'PT. Bintang','036155684','Jl. Pulau Moyo','b@gmail.com','diterima','/storage/Perusahaan/17/Marker.png','dis','2023-01-10 12:28:35','2023-01-10 04:28:35',NULL),
(18,51,3,305,250,'PT. Sakura','0321321221','Jl. Universitas Udayana','sakura1@gmail.com','diterima','/storage/Perusahaan/18/Marker.png','Diterima','2023-03-02 17:47:22','2023-03-02 09:47:22',NULL),
(19,51,2,204,102,'PT. Telefonica Co','+6216587465','Jalan Raya Singaraja Denpasar','workspace@telefonica.id','diterima','/storage/Perusahaan/19/Marker.png','Perusahaan diterima','2023-03-14 17:50:08','2023-03-14 09:50:08',NULL),
(20,51,3,306,252,'Pt. Suka Usaha','0322584','Jl. Bulu Indah','SukaUsaha@gmail.com','diterima','/storage/Perusahaan/20/Marker.png','Diterima','2023-04-19 13:31:26','2023-04-19 05:31:26',NULL),
(21,51,3,301,196,'Pt. Gembira Bersama','02643513','Jl. raya kuta','GembiraBersama@gmail.com','diterima','/storage/Perusahaan/21/Marker.png','diterima','2023-04-19 13:33:37','2023-04-19 05:33:37',NULL),
(22,51,4,401,261,'PT. Kemari Kasih','1616816','Jl. raya celuk','KemariKasih@gmail.com','diterima','/storage/Perusahaan/22/Marker.png','diterima','2023-04-19 13:35:53','2023-04-19 05:35:53',NULL),
(23,51,9,901,686,'PT. Sendiri Hebat','15165','Jl. Raya Sesetan','SendiriHebat@gmail.com','diterima','/storage/Perusahaan/23/Marker.png','diterima','2023-04-19 13:36:18','2023-04-19 05:36:18',NULL),
(24,51,2,205,113,'PT. Selalu Kasih','154684','Jl. Sudirman','SelaluKasih@gmail.com','diterima','/storage/Perusahaan/24/Marker.png','diterima','2023-04-19 13:36:51','2023-04-19 05:36:51',NULL),
(25,51,3,301,199,'PT. Pinewood','361497612','Jalan Raya Seminyak No. 14A','pinewoodcompany@gmail.com','diterima','/storage/Perusahaan/25/Marker.png','diterima','2023-04-19 19:42:25','2023-04-19 11:42:25',NULL);

/*Table structure for table `tb_super_admin` */

DROP TABLE IF EXISTS `tb_super_admin`;

CREATE TABLE `tb_super_admin` (
  `id` int(11) NOT NULL AUTO_INCREMENT,
  `id_user` bigint(20) DEFAULT NULL,
  `nama` varchar(255) DEFAULT NULL,
  `no_telp` varchar(13) DEFAULT NULL,
  `created_at` timestamp NULL DEFAULT NULL,
  `updated_at` timestamp NULL DEFAULT NULL,
  `deleted_at` timestamp NULL DEFAULT NULL,
  PRIMARY KEY (`id`),
  KEY `id_user` (`id_user`),
  CONSTRAINT `tb_super_admin_ibfk_1` FOREIGN KEY (`id_user`) REFERENCES `tb_user` (`id`)
) ENGINE=InnoDB AUTO_INCREMENT=13 DEFAULT CHARSET=latin1 COLLATE=latin1_swedish_ci;

/*Data for the table `tb_super_admin` */

insert  into `tb_super_admin`(`id`,`id_user`,`nama`,`no_telp`,`created_at`,`updated_at`,`deleted_at`) values 
(1,43,'SUPER ADMIN','123456789123',NULL,'2022-12-01 16:53:49',NULL);

/*Table structure for table `tb_tim_administratif` */

DROP TABLE IF EXISTS `tb_tim_administratif`;

CREATE TABLE `tb_tim_administratif` (
  `id` int(11) NOT NULL AUTO_INCREMENT,
  `id_user` bigint(20) DEFAULT NULL,
  `id_opd` int(11) DEFAULT NULL,
  `nama` varchar(255) DEFAULT NULL,
  `no_telp` varchar(13) DEFAULT NULL,
  `created_at` timestamp NOT NULL DEFAULT current_timestamp() ON UPDATE current_timestamp(),
  `updated_at` timestamp NULL DEFAULT NULL,
  `deleted_at` timestamp NULL DEFAULT NULL,
  PRIMARY KEY (`id`),
  KEY `id_opd` (`id_opd`),
  KEY `id_user` (`id_user`),
  CONSTRAINT `tb_tim_administratif_ibfk_2` FOREIGN KEY (`id_opd`) REFERENCES `tb_opd` (`id`),
  CONSTRAINT `tb_tim_administratif_ibfk_3` FOREIGN KEY (`id_user`) REFERENCES `tb_user` (`id`)
) ENGINE=InnoDB AUTO_INCREMENT=9 DEFAULT CHARSET=latin1 COLLATE=latin1_swedish_ci;

/*Data for the table `tb_tim_administratif` */

insert  into `tb_tim_administratif`(`id`,`id_user`,`id_opd`,`nama`,`no_telp`,`created_at`,`updated_at`,`deleted_at`) values 
(8,48,3,'Jaya','081231231231','2022-12-16 13:39:07','2022-12-16 13:39:07',NULL);

/*Table structure for table `tb_tim_lapangan` */

DROP TABLE IF EXISTS `tb_tim_lapangan`;

CREATE TABLE `tb_tim_lapangan` (
  `id` int(11) NOT NULL AUTO_INCREMENT,
  `id_user` bigint(20) DEFAULT NULL,
  `id_opd` int(11) DEFAULT NULL,
  `nama` varchar(255) DEFAULT NULL,
  `no_telp` varchar(13) DEFAULT NULL,
  `created_at` timestamp NOT NULL DEFAULT current_timestamp() ON UPDATE current_timestamp(),
  `updated_at` timestamp NULL DEFAULT NULL,
  `deleted_at` timestamp NULL DEFAULT NULL,
  PRIMARY KEY (`id`),
  KEY `id_opd` (`id_opd`),
  KEY `id_user` (`id_user`),
  CONSTRAINT `tb_tim_lapangan_ibfk_2` FOREIGN KEY (`id_opd`) REFERENCES `tb_opd` (`id`),
  CONSTRAINT `tb_tim_lapangan_ibfk_3` FOREIGN KEY (`id_user`) REFERENCES `tb_user` (`id`)
) ENGINE=InnoDB AUTO_INCREMENT=5 DEFAULT CHARSET=latin1 COLLATE=latin1_swedish_ci;

/*Data for the table `tb_tim_lapangan` */

insert  into `tb_tim_lapangan`(`id`,`id_user`,`id_opd`,`nama`,`no_telp`,`created_at`,`updated_at`,`deleted_at`) values 
(4,49,3,'Adi','082312312312','2022-12-16 13:39:43','2022-12-16 13:39:43',NULL);

/*Table structure for table `tb_user` */

DROP TABLE IF EXISTS `tb_user`;

CREATE TABLE `tb_user` (
  `id` bigint(20) NOT NULL AUTO_INCREMENT,
  `username` varchar(255) DEFAULT NULL,
  `password` varchar(255) DEFAULT NULL,
  `kategori` enum('Super Admin','Admin','Tim Administratif','Tim Lapangan','Pemilik Menara') DEFAULT NULL,
  `token` varchar(16) DEFAULT NULL,
  `created_at` timestamp NULL DEFAULT NULL,
  `verified_at` datetime DEFAULT NULL,
  `updated_at` timestamp NULL DEFAULT NULL,
  `deleted_at` timestamp NULL DEFAULT NULL,
  PRIMARY KEY (`id`)
) ENGINE=InnoDB AUTO_INCREMENT=65 DEFAULT CHARSET=latin1 COLLATE=latin1_swedish_ci;

/*Data for the table `tb_user` */

insert  into `tb_user`(`id`,`username`,`password`,`kategori`,`token`,`created_at`,`verified_at`,`updated_at`,`deleted_at`) values 
(43,'superadmin','$2y$10$uRqgcA9x9kfY6USLkFqJxeUZbe4FdVGl3uXH3J0Aj9m6f99q.fk6S','Super Admin',NULL,'2022-12-16 17:36:06','2022-12-16 17:39:22',NULL,NULL),
(44,'admin','$2y$10$uRqgcA9x9kfY6USLkFqJxeUZbe4FdVGl3uXH3J0Aj9m6f99q.fk6S','Admin',NULL,'2022-12-16 17:36:10','2022-12-16 17:39:25',NULL,NULL),
(48,'timadministratif','$2y$10$aOBg/5k8ZuAlhU5/a1WFE.mR7Z3WpLm35cscs/iuJIQlvFkHwqwhO','Tim Administratif',NULL,NULL,'2022-12-16 13:39:07',NULL,NULL),
(49,'timlapangan','$2y$10$jdN6rBQe/pmX18GIEuUUeucpfurdMrddm8mYCmAv.8E99ivMLkCuy','Tim Lapangan',NULL,NULL,'2022-12-16 13:39:43',NULL,NULL),
(52,'agus','$2y$10$.G/.ZR1I0FXDyckliHR6AOxvSVx1wCU5wFbGqUzgGHf5DjN1PC/YG','Pemilik Menara','LJrE5cnT809PRYEI',NULL,'2023-01-08 09:10:24',NULL,NULL),
(53,'tyagi','$2y$10$nGTnHKRapbmdMwy/RX0xaOM9yj/W8pesxf73zqPEvGRx/BclvTa9O','Pemilik Menara','j1oJ0drirQ5X2JWl',NULL,'2023-01-08 09:52:34',NULL,NULL),
(54,'jisnu','$2y$10$FTPORO50Tt4cLBr/3tTAo.c/6Dxl8Yau4abhciX4T7SSv7gT4XfSC','Pemilik Menara','bZoCi47XYYAPaO7y',NULL,'2023-03-02 09:41:56',NULL,NULL),
(55,'bigbadboiy','$2y$10$TGYcGds6VJGkqHvEPCyyie/QmNsh6W3vK/n3pvcovMf3Ks0MA/3H.','Pemilik Menara','8RH8uUXz8iijEdnq',NULL,'2023-03-14 09:42:33',NULL,NULL),
(58,'bima','$2y$10$7PdzFTPYBFSnb9V6Kmd/J./OmYlu0KwPASZGwEe8pQNVyImE/1vHy','Pemilik Menara','qx7Q0RCMmnm2NzMl',NULL,'2023-04-17 22:49:37',NULL,NULL),
(59,'bagas','$2y$10$Z151sOOd9Y5G51R1ttFNdOlXGp.Ok6K4irocAsOflsVsDaWLOAmGK','Pemilik Menara','xekDJ2ouied8NzS0',NULL,'2023-04-17 22:49:40',NULL,NULL),
(60,'nabila','$2y$10$TwiZlZe7jS2RatZommKcO.mNts47cAKD4qWgpv2yXrYeEYXiIq5Ba','Pemilik Menara','jjWsCjaGpYch3w9R',NULL,'2023-04-17 22:49:43',NULL,NULL),
(61,'aditya','$2y$10$8YgA8p4YkxKl13VPiUjMhujzL2kaFcnyXAGRVm0Gx2e2G2q6AAIDS','Pemilik Menara','uJfyHwHZqJnoysqB',NULL,'2023-04-17 22:49:45',NULL,NULL),
(62,'arsen','$2y$10$pdX.vMbaBL964GixP5MrBOXzObF3xb59py.hmeamE6EXTxbq1qNOq','Pemilik Menara','RwIq5uj80tlZHsU2',NULL,'2023-04-17 22:49:48',NULL,NULL),
(63,'mahesa','$2y$10$APXKRAMJOKCotrm/zYqnMuUSZf1JP968Txb1NoQwcAziRJd29QfGC','Pemilik Menara','sQOVmrvSmcSY6MBa',NULL,'2023-04-19 13:12:18',NULL,NULL);

/*!40101 SET SQL_MODE=@OLD_SQL_MODE */;
/*!40014 SET FOREIGN_KEY_CHECKS=@OLD_FOREIGN_KEY_CHECKS */;
/*!40014 SET UNIQUE_CHECKS=@OLD_UNIQUE_CHECKS */;
/*!40111 SET SQL_NOTES=@OLD_SQL_NOTES */;
